Time (min),Intensity (a.u.),

0.004166666884,50.59716797,

0.01250000019,49.45598984,

0.02083333395,51.51323318,

0.02916666679,50.12492371,

0.03750000149,51.04262161,

0.04583333433,50.52597046,

0.05416666716,49.84231567,

0.0625,53.51848984,

0.07083333284,50.28085327,

0.07916666567,47.88235855,

0.08749999851,49.73918915,

0.09583333135,54.22208405,

0.1041666642,50.53960037,

0.112499997,49.86064148,

0.1208333299,50.14927673,

0.1291666627,48.91176224,

0.137500003,49.21104431,

0.1458333284,50.27304077,

0.1541666687,48.42189407,

0.162499994,48.20402145,

0.1708333343,49.80091476,

0.1791666597,50.3602829,

0.1875,48.30625916,

0.1958333403,48.27383804,

0.2041666657,53.43108749,

0.212500006,52.12844467,

0.2208333313,52.64498901,

0.2291666716,50.07976151,

0.237499997,48.02629852,

0.2458333373,50.89551544,

0.2541666627,48.73604965,

0.2624999881,47.42879868,

0.2708333433,48.11723328,

0.2791666687,49.99101257,

0.287499994,48.22392654,

0.2958333194,52.90511703,

0.3041666746,48.51509476,

0.3125,47.13787079,

0.3208333254,55.00222397,

0.3291666806,49.83628464,

0.337500006,48.41698456,

0.3458333313,48.98291779,

0.3541666567,52.57836533,

0.3625000119,51.71425247,

0.3708333373,49.21550751,

0.3791666627,49.63378906,

0.3874999881,47.89253616,

0.3958333433,53.04174805,

0.4041666687,50.41838455,

0.412499994,51.37482834,

0.4208333194,52.28385925,

0.4291666746,52.46065521,

0.4375,49.27889252,

0.4458333254,48.7427597,

0.4541666806,47.92525864,

0.462500006,54.88744354,

0.4708333313,50.31597137,

0.4791666567,50.62683487,

0.4875000119,53.54127884,

0.4958333373,50.23991394,

0.5041666627,53.43029404,

0.5124999881,49.08553696,

0.5208333135,56.69953537,

0.5291666389,57.75486374,

0.5375000238,60.09706116,

0.5458333492,55.78578568,

0.5541666746,53.91464615,

0.5625,60.97644424,

0.5708333254,57.56299591,

0.5791666508,58.60674286,

0.5874999762,55.7558136,

0.5958333611,58.81279755,

0.6041666865,57.92784119,

0.6125000119,58.77817154,

0.6208333373,57.73223495,

0.6291666627,60.06109238,

0.6374999881,60.81785583,

0.6458333135,59.53601837,

0.6541666389,60.71658707,

0.6625000238,64.19102478,

0.6708333492,63.4460144,

0.6791666746,63.62336731,

0.6875,65.88596344,

0.6958333254,65.59824371,

0.7041666508,61.43247223,

0.7124999762,64.23796082,

0.7208333611,70.11509705,

0.7291666865,69.62011719,

0.7375000119,70.52906036,

0.7458333373,66.90847778,

0.7541666627,66.45999908,

0.7624999881,71.21257019,

0.7708333135,64.17553711,

0.7791666389,68.28694916,

0.7875000238,67.60128784,

0.7958333492,70.33404541,

0.8041666746,65.65618896,

0.8125,71.55728149,

0.8208333254,71.0071106,

0.8291666508,74.11811829,

0.8374999762,71.51500702,

0.8458333611,77.97872925,

0.8541666865,73.383461,

0.8625000119,72.62414551,

0.8708333373,76.33208466,

0.8791666627,76.28864288,

0.8874999881,75.8802948,

0.8958333135,82.21352386,

0.9041666389,81.35985565,

0.9125000238,77.57161713,

0.9208333492,80.65270233,

0.9291666746,82.24693298,

0.9375,78.3061676,

0.9458333254,80.33281708,

0.9541666508,81.14634705,

0.9624999762,79.48757172,

0.9708333611,84.81558228,

0.9791666865,86.95810699,

0.9875000119,88.11830902,

0.9958333373,82.37317657,

1.004166722,79.87164307,

1.012500048,84.12443542,

1.020833373,87.10890198,

1.029166698,90.30350494,

1.037500024,87.80500031,

1.045833349,79.19203949,

1.054166675,86.96066284,

1.0625,88.66422272,

1.070833325,93.45606995,

1.079166651,89.71582794,

1.087499976,89.95630646,

1.095833302,88.39851379,

1.104166627,91.70909882,

1.112499952,91.36501312,

1.120833278,94.09934998,

1.129166722,90.23410034,

1.137500048,92.91601563,

1.145833373,94.22359467,

1.154166698,91.96842194,

1.162500024,94.43452454,

1.170833349,95.77520752,

1.179166675,93.23014832,

1.1875,96.10210419,

1.195833325,93.32283783,

1.204166651,94.50896454,

1.212499976,91.4344101,

1.220833302,94.14147186,

1.229166627,95.16399384,

1.237499952,102.7685928,

1.245833278,91.26567841,

1.254166722,102.0594101,

1.262500048,101.2348557,

1.270833373,98.63439941,

1.279166698,99.5786438,

1.287500024,98.31735992,

1.295833349,107.0780029,

1.304166675,106.2257385,

1.3125,108.8269119,

1.320833325,100.3996048,

1.329166651,107.0210571,

1.337499976,109.2503281,

1.345833302,104.0439453,

1.354166627,103.6443863,

1.362499952,106.9062805,

1.370833278,108.0865784,

1.379166722,106.4687424,

1.387500048,106.1380768,

1.395833373,104.2329483,

1.404166698,109.4811554,

1.412500024,107.6726913,

1.420833349,107.9823456,

1.429166675,106.9703217,

1.4375,108.6272659,

1.445833325,110.8993759,

1.454166651,110.6315536,

1.462499976,111.5777283,

1.470833302,113.3622208,

1.479166627,116.4322128,

1.487499952,115.9468613,

1.495833278,109.2728195,

1.504166722,114.1881561,

1.512500048,108.4820404,

1.520833373,112.1899033,

1.529166698,118.2025146,

1.537500024,116.7902985,

1.545833349,122.2956772,

1.554166675,117.8725739,

1.5625,116.0031967,

1.570833325,121.7148743,

1.579166651,119.8518372,

1.587499976,117.9343109,

1.595833302,122.7065887,

1.604166627,118.8352661,

1.612499952,121.880806,

1.620833278,123.6125946,

1.629166722,118.2933044,

1.637500048,119.3001938,

1.645833373,126.816124,

1.654166698,120.5597992,

1.662500024,124.8200989,

1.670833349,123.6917953,

1.679166675,126.3148651,

1.6875,122.7846832,

1.695833325,127.3975372,

1.704166651,127.8316956,

1.712499976,131.1477966,

1.720833302,126.0402527,

1.729166627,125.8819962,

1.737499952,128.3287964,

1.745833278,125.8994751,

1.754166722,130.6239319,

1.762500048,132.0182037,

1.770833373,131.0005035,

1.779166698,128.1885681,

1.787500024,132.6582031,

1.795833349,127.0396729,

1.804166675,134.1951447,

1.8125,136.5232544,

1.820833325,128.1812439,

1.829166651,140.8976898,

1.837499976,138.0362701,

1.845833302,132.3171997,

1.854166627,136.8720551,

1.862499952,138.8917542,

1.870833278,144.9691315,

1.879166722,135.7648621,

1.887500048,134.0541229,

1.895833373,137.2442322,

1.904166698,136.0012512,

1.912500024,136.3605652,

1.920833349,137.7024536,

1.929166675,145.2303772,

1.9375,141.8445587,

1.945833325,147.6198883,

1.954166651,142.4315948,

1.962499976,141.88974,

1.970833302,140.2238464,

1.979166627,147.0544281,

1.987499952,142.8021698,

1.995833278,146.0319061,

2.004166603,140.1041412,

2.012500048,139.6757507,

2.020833254,145.8701782,

2.029166698,145.3837433,

2.037499905,146.2124939,

2.045833349,144.5205688,

2.054166555,144.3427734,

2.0625,146.9999542,

2.070833445,144.5944519,

2.079166651,144.7862701,

2.087500095,147.2480164,

2.095833302,148.0228424,

2.104166746,150.0940094,

2.112499952,155.9877472,

2.120833397,150.6733551,

2.129166603,153.9589844,

2.137500048,152.5010071,

2.145833254,149.990448,

2.154166698,148.4974976,

2.162499905,154.1268768,

2.170833349,154.9219818,

2.179166555,156.7047119,

2.1875,153.1435242,

2.195833445,155.941452,

2.204166651,151.5162659,

2.212500095,154.1882477,

2.220833302,150.6857147,

2.229166746,149.5723877,

2.237499952,146.9628601,

2.245833397,155.2704773,

2.254166603,156.8825684,

2.262500048,155.6711426,

2.270833254,158.2037354,

2.279166698,158.6493073,

2.287499905,156.0482788,

2.295833349,153.2084656,

2.304166555,156.692749,

2.3125,158.9287262,

2.320833445,155.9871674,

2.329166651,160.1078796,

2.337500095,161.5619812,

2.345833302,164.3733978,

2.354166746,159.5966034,

2.362499952,159.988266,

2.370833397,161.6291809,

2.379166603,160.0617371,

2.387500048,163.1099854,

2.395833254,162.3905029,

2.404166698,165.3653412,

2.412499905,156.9958496,

2.420833349,159.4987183,

2.429166555,162.3040619,

2.4375,159.4599915,

2.445833445,167.3896637,

2.454166651,165.588089,

2.462500095,167.2955017,

2.470833302,161.8389893,

2.479166746,162.8015594,

2.487499952,169.2498322,

2.495833397,166.5847015,

2.504166603,168.1141815,

2.512500048,166.2723846,

2.520833254,167.9432831,

2.529166698,164.4362183,

2.537499905,173.0682526,

2.545833349,167.6294708,

2.554166555,171.8019562,

2.5625,163.2999725,

2.570833445,168.813324,

2.579166651,170.5994568,

2.587500095,170.1126099,

2.595833302,167.3921204,

2.604166746,169.7888947,

2.612499952,165.2460175,

2.620833397,164.5978088,

2.629166603,166.9116058,

2.637500048,174.5150604,

2.645833254,177.513916,

2.654166698,174.4419556,

2.662499905,169.4779663,

2.670833349,176.3679504,

2.679166555,174.2341003,

2.6875,173.5167694,

2.695833445,172.3843384,

2.704166651,169.9318695,

2.712500095,176.6415405,

2.720833302,172.8579559,

2.729166746,176.415741,

2.737499952,176.9656677,

2.745833397,171.2548523,

2.754166603,177.9929352,

2.762500048,177.7671356,

2.770833254,176.7052917,

2.779166698,172.6546783,

2.787499905,174.8239899,

2.795833349,178.8641205,

2.804166555,171.2897644,

2.8125,176.8171387,

2.820833445,178.7945404,

2.829166651,180.2349396,

2.837500095,176.9377899,

2.845833302,181.1860046,

2.854166746,185.8809052,

2.862499952,181.9983063,

2.870833397,179.9129333,

2.879166603,178.3151093,

2.887500048,180.5459747,

2.895833254,175.5344238,

2.904166698,175.0704193,

2.912499905,183.6329498,

2.920833349,175.4695892,

2.929166555,187.6700745,

2.9375,189.2584229,

2.945833445,178.279541,

2.954166651,176.4573822,

2.962500095,185.3936615,

2.970833302,187.0821533,

2.979166746,181.8734436,

2.987499952,186.269104,

2.995833397,181.7502899,

3.004166603,180.8664856,

3.012500048,181.2900085,

3.020833254,177.8173218,

3.029166698,182.7534027,

3.037499905,185.2193756,

3.045833349,195.8952179,

3.054166555,191.4658661,

3.0625,196.4258118,

3.070833445,195.1734161,

3.079166651,184.0068665,

3.087500095,188.1502533,

3.095833302,196.1765747,

3.104166746,184.8790588,

3.112499952,185.571106,

3.120833397,185.4238892,

3.129166603,188.2259674,

3.137500048,186.7417297,

3.145833254,193.3189697,

3.154166698,189.0027618,

3.162499905,191.5305023,

3.170833349,186.3856659,

3.179166555,188.7519531,

3.1875,192.5613556,

3.195833445,186.3595428,

3.204166651,189.3909912,

3.212500095,188.7765198,

3.220833302,193.7405548,

3.229166746,188.3720703,

3.237499952,195.9052124,

3.245833397,197.9787292,

3.254166603,193.6513672,

3.262500048,202.0851746,

3.270833254,191.7366638,

3.279166698,198.3160858,

3.287499905,185.4124298,

3.295833349,196.6730347,

3.304166555,188.7445221,

3.3125,197.9338379,

3.320833445,197.385437,

3.329166651,197.6262817,

3.337500095,190.9975128,

3.345833302,200.4150238,

3.354166746,199.0043945,

3.362499952,193.1944122,

3.370833397,198.5715637,

3.379166603,199.2851868,

3.387500048,196.3415833,

3.395833254,200.3100281,

3.404166698,197.2284546,

3.412499905,203.6429749,

3.420833349,200.4219208,

3.429166555,202.1247864,

3.4375,197.1544037,

3.445833445,201.5029755,

3.454166651,207.0338593,

3.462500095,201.5450439,

3.470833302,208.7271423,

3.479166746,200.5336456,

3.487499952,202.9419861,

3.495833397,200.980545,

3.504166603,203.2474823,

3.512500048,202.6684418,

3.520833254,198.9643707,

3.529166698,205.0163727,

3.537499905,200.21315,

3.545833349,202.6520081,

3.554166555,208.1095734,

3.5625,197.8387146,

3.570833445,205.292511,

3.579166651,199.3543243,

3.587500095,196.3883514,

3.595833302,201.7524414,

3.604166746,206.5113831,

3.612499952,207.1911926,

3.620833397,207.2656097,

3.629166603,202.9283295,

3.637500048,202.3855133,

3.645833254,207.4966583,

3.654166698,209.1669006,

3.662499905,206.9473114,

3.670833349,208.8780823,

3.679166555,207.1409149,

3.6875,204.6381226,

3.695833445,203.0892639,

3.704166651,209.4653168,

3.712500095,209.2644958,

3.720833302,213.0729828,

3.729166746,216.8351898,

3.737499952,208.8210907,

3.745833397,210.8404999,

3.754166603,205.6073914,

3.762500048,208.4999695,

3.770833254,208.2178192,

3.779166698,207.2714996,

3.787499905,211.5426483,

3.795833349,211.1646881,

3.804166555,211.9804535,

3.8125,211.7423248,

3.820833445,212.1942596,

3.829166651,211.5337982,

3.837500095,216.4079132,

3.845833302,212.9025269,

3.854166746,217.6924744,

3.862499952,218.2567596,

3.870833397,220.8069611,

3.879166603,216.9959564,

3.887500048,210.2232361,

3.895833254,216.0153656,

3.904166698,213.5286255,

3.912499905,219.7388,

3.920833349,216.029892,

3.929166555,211.2645874,

3.9375,227.1710358,

3.945833445,219.4600525,

3.954166651,216.5163116,

3.962500095,225.2974091,

3.970833302,224.669342,

3.979166746,222.5752563,

3.987499952,216.3178711,

3.995833397,223.8292084,

4.004166603,228.1131134,

4.012499809,215.9210663,

4.020833492,211.7329254,

4.029166698,217.2149658,

4.037499905,221.6525269,

4.045833111,218.6213531,

4.054166794,221.6696014,

4.0625,221.815094,

4.070833206,223.5745544,

4.079166889,220.0104828,

4.087500095,216.9109497,

4.095833302,218.5269165,

4.104166508,224.3214264,

4.112500191,222.6622162,

4.120833397,222.4920502,

4.129166603,217.9470978,

4.137499809,231.221405,

4.145833492,224.1077423,

4.154166698,229.8295441,

4.162499905,219.3684998,

4.170833111,227.9491577,

4.179166794,219.5718231,

4.1875,220.4659271,

4.195833206,224.0995789,

4.204166889,231.8619995,

4.212500095,232.6122589,

4.220833302,225.2880707,

4.229166508,231.9689026,

4.237500191,222.1771545,

4.245833397,236.1873322,

4.254166603,227.676239,

4.262499809,228.2743835,

4.270833492,221.2718353,

4.279166698,223.5630188,

4.287499905,217.6202087,

4.295833111,223.035965,

4.304166794,229.7550201,

4.3125,228.4354706,

4.320833206,228.6083832,

4.329166889,220.5741577,

4.337500095,224.282486,

4.345833302,220.2395172,

4.354166508,223.2073059,

4.362500191,225.0756378,

4.370833397,225.9009705,

4.379166603,229.0475006,

4.387499809,219.9767151,

4.395833492,230.137207,

4.404166698,224.1331177,

4.412499905,221.2727814,

4.420833111,219.9772491,

4.429166794,231.4950256,

4.4375,237.2771301,

4.445833206,232.7691956,

4.454166889,220.7485962,

4.462500095,238.1529541,

4.470833302,219.1499786,

4.479166508,225.8162994,

4.487500191,233.3753815,

4.495833397,227.3191833,

4.504166603,226.5791626,

4.512499809,225.7796936,

4.520833492,231.108429,

4.529166698,233.361145,

4.537499905,228.1279449,

4.545833111,230.4930573,

4.554166794,227.4836884,

4.5625,231.548645,

4.570833206,225.6278534,

4.579166889,229.9592743,

4.587500095,229.036377,

4.595833302,224.000412,

4.604166508,237.5716705,

4.612500191,232.1157837,

4.620833397,227.0928802,

4.629166603,228.9060059,

4.637499809,225.5076294,

4.645833492,237.4480896,

4.654166698,240.5526581,

4.662499905,231.7931061,

4.670833111,226.7002869,

4.679166794,240.5441437,

4.6875,237.5616455,

4.695833206,238.5284576,

4.704166889,233.405777,

4.712500095,232.5171661,

4.720833302,235.5195465,

4.729166508,236.194519,

4.737500191,238.0124359,

4.745833397,230.3105469,

4.754166603,233.3959198,

4.762499809,235.042038,

4.770833492,238.848175,

4.779166698,234.7832184,

4.787499905,237.8430634,

4.795833111,228.6496277,

4.804166794,232.1956024,

4.8125,240.6522369,

4.820833206,232.7852478,

4.829166889,235.105957,

4.837500095,232.8461761,

4.845833302,235.6656494,

4.854166508,235.0600891,

4.862500191,230.5699158,

4.870833397,245.4006653,

4.879166603,230.0340271,

4.887499809,240.8891449,

4.895833492,236.5578461,

4.904166698,245.0753326,

4.912499905,234.7009735,

4.920833111,236.3455505,

4.929166794,237.3055115,

4.9375,232.4394531,

4.945833206,245.2759552,

4.954166889,244.0422363,

4.962500095,239.2224884,

4.970833302,239.9417877,

4.979166508,230.3069763,

4.987500191,235.5945129,

4.995833397,248.3647003,

5.004166603,243.2471924,

5.012499809,237.3810425,

5.020833492,240.1378479,

5.029166698,237.4929352,

5.037499905,232.8500977,

5.045833111,249.311142,

5.054166794,236.8716583,

5.0625,237.5431061,

5.070833206,237.9329071,

5.079166889,236.813736,

5.087500095,235.3578949,

5.095833302,241.9632721,

5.104166508,239.4494476,

5.112500191,238.1311188,

5.120833397,243.485672,

5.129166603,244.8257904,

5.137499809,241.6311035,

5.145833492,238.2772675,

5.154166698,245.5975647,

5.162499905,242.5412292,

5.170833111,234.8038788,

5.179166794,237.3874969,

5.1875,251.201355,

5.195833206,248.1292267,

5.204166889,253.8255157,

5.212500095,244.1634369,

5.220833302,239.9895325,

5.229166508,241.4374695,

5.237500191,248.9098511,

5.245833397,245.6156311,

5.254166603,233.0119629,

5.262499809,243.5416107,

5.270833492,239.4986572,

5.279166698,234.4871979,

5.287499905,249.8204346,

5.295833111,244.9117584,

5.304166794,240.6291199,

5.3125,247.1258392,

5.320833206,242.4735718,

5.329166889,250.792923,

5.337500095,242.9578247,

5.345833302,251.1841431,

5.354166508,248.1132507,

5.362500191,246.4568787,

5.370833397,247.8559265,

5.379166603,242.2071838,

5.387499809,246.1211395,

5.395833492,248.5055389,

5.404166698,240.4174194,

5.412499905,253.697998,

5.420833111,250.8721313,

5.429166794,247.4229889,

5.4375,241.2756042,

5.445833206,248.6146545,

5.454166889,254.8842773,

5.462500095,242.0049438,

5.470833302,248.1257935,

5.479166508,245.5294952,

5.487500191,250.1153717,

5.495833397,246.9788971,

5.504166603,248.3069,

5.512499809,257.3267212,

5.520833492,241.2251129,

5.529166698,248.0854645,

5.537499905,248.9973297,

5.545833111,252.0115356,

5.554166794,243.5789642,

5.5625,250.1900177,

5.570833206,237.9991608,

5.579166889,240.747879,

5.587500095,244.6539764,

5.595833302,239.3751373,

5.604166508,243.4100342,

5.612500191,245.1262817,

5.620833397,250.8504639,

5.629166603,247.7290192,

5.637499809,256.8848877,

5.645833492,235.7957764,

5.654166698,242.2593689,

5.662499905,243.7428741,

5.670833111,255.9877319,

5.679166794,253.5615845,

5.6875,247.8071442,

5.695833206,250.5863647,

5.704166889,249.101944,

5.712500095,257.2902527,

5.720833302,249.6160278,

5.729166508,258.8636475,

5.737500191,249.5849915,

5.745833397,253.3431702,

5.754166603,249.3481445,

5.762499809,250.7370453,

5.770833492,243.2433777,

5.779166698,251.2252655,

5.787499905,257.4784851,

5.795833111,249.9069366,

5.804166794,241.781601,

5.8125,247.4497986,

5.820833206,259.4751892,

5.829166889,251.9510345,

5.837500095,251.4281921,

5.845833302,251.9272308,

5.854166508,256.6896973,

5.862500191,258.5938721,

5.870833397,247.1980286,

5.879166603,256.2481689,

5.887499809,254.1657104,

5.895833492,250.5615997,

5.904166698,252.9231873,

5.912499905,249.0257416,

5.920833111,250.3921661,

5.929166794,255.6428375,

5.9375,261.8976746,

5.945833206,263.18927,

5.954166889,253.1415863,

5.962500095,254.5630951,

5.970833302,248.0684357,

5.979166508,258.2933044,

5.987500191,254.8241272,

5.995833397,251.5101166,

6.004166603,255.7443085,

6.012499809,251.1141357,

6.020833492,262.2733154,

6.029166698,253.7932129,

6.037499905,246.9065704,

6.045833111,254.433609,

6.054166794,251.4128113,

6.0625,255.4212799,

6.070833206,257.024231,

6.079166889,252.4329681,

6.087500095,262.3840942,

6.095833302,256.9957581,

6.104166508,252.8449554,

6.112500191,250.1139374,

6.120833397,256.8982239,

6.129166603,256.1992493,

6.137499809,247.7425232,

6.145833492,258.2747192,

6.154166698,260.8219604,

6.162499905,253.035553,

6.170833111,260.1430969,

6.179166794,257.6133118,

6.1875,258.4038696,

6.195833206,255.804184,

6.204166889,260.7542114,

6.212500095,255.5107727,

6.220833302,249.8924713,

6.229166508,255.3888855,

6.237500191,254.5053406,

6.245833397,256.721344,

6.254166603,252.9819336,

6.262499809,254.9815216,

6.270833492,263.8701477,

6.279166698,255.8851013,

6.287499905,256.4707336,

6.295833111,254.2362518,

6.304166794,257.3565063,

6.3125,255.5831146,

6.320833206,263.65802,

6.329166889,259.4943237,

6.337500095,260.7063293,

6.345833302,262.1980286,

6.354166508,257.3525696,

6.362500191,261.6150818,

6.370833397,259.9863892,

6.379166603,248.7451477,

6.387499809,256.9606628,

6.395833492,264.3813782,

6.404166698,261.6390381,

6.412499905,257.5317993,

6.420833111,262.2397766,

6.429166794,258.1915283,

6.4375,267.097168,

6.445833206,258.8766479,

6.454166889,252.932373,

6.462500095,266.999115,

6.470833302,260.4837952,

6.479166508,256.4886169,

6.487500191,254.0651855,

6.495833397,261.9790649,

6.504166603,262.6069336,

6.512499809,263.2539978,

6.520833492,261.9916077,

6.529166698,270.8984375,

6.537499905,262.2037048,

6.545833111,253.3570251,

6.554166794,257.5957031,

6.5625,260.5066528,

6.570833206,263.5512085,

6.579166889,263.430603,

6.587500095,253.2638855,

6.595833302,259.5241699,

6.604166508,262.2397766,

6.612500191,259.3936157,

6.620833397,254.5044708,

6.629166603,270.2251282,

6.637499809,266.5704041,

6.645833492,267.7436523,

6.654166698,262.675415,

6.662499905,266.1200256,

6.670833111,260.2423706,

6.679166794,256.5259399,

6.6875,267.4610901,

6.695833206,263.4639587,

6.704166889,263.6142883,

6.712500095,267.9916077,

6.720833302,263.4333801,

6.729166508,257.436615,

6.737500191,275.5273438,

6.745833397,264.227417,

6.754166603,267.7281494,

6.762499809,267.1634216,

6.770833492,268.1044922,

6.779166698,263.4933167,

6.787499905,264.1131897,

6.795833111,268.5681152,

6.804166794,268.6074524,

6.8125,255.8728485,

6.820833206,269.2276917,

6.829166889,274.9020081,

6.837500095,259.7080078,

6.845833302,276.3947144,

6.854166508,267.700531,

6.862500191,271.5229492,

6.870833397,267.2618713,

6.879166603,265.1270447,

6.887499809,267.9257202,

6.895833492,262.7735901,

6.904166698,266.7293701,

6.912499905,268.2070007,

6.920833111,263.7360535,

6.929166794,269.9953613,

6.9375,272.846405,

6.945833206,271.9205933,

6.954166889,264.4429626,

6.962500095,273.8522949,

6.970833302,268.7367859,

6.979166508,267.8528748,

6.987500191,274.1178284,

6.995833397,266.8132019,

7.004166603,271.5737305,

7.012499809,264.1846924,

7.020833492,266.0011597,

7.029166698,264.3648376,

7.037499905,263.0526123,

7.045833111,277.2068787,

7.054166794,258.6353455,

7.0625,273.1053162,

7.070833206,265.1587524,

7.079166889,266.8512878,

7.087500095,271.8919678,

7.095833302,263.1534424,

7.104166508,267.0230103,

7.112500191,269.5962524,

7.120833397,261.1499023,

7.129166603,269.1082458,

7.137499809,262.759613,

7.145833492,270.3973389,

7.154166698,262.9976196,

7.162499905,267.5140991,

7.170833111,274.5513306,

7.179166794,260.9788208,

7.1875,266.457489,

7.195833206,264.1261902,

7.204166889,266.2415161,

7.212500095,274.0835266,

7.220833302,270.3907471,

7.229166508,267.6381531,

7.237500191,266.5027771,

7.245833397,264.7574768,

7.254166603,270.2251282,

7.262499809,261.534729,

7.270833492,275.5149231,

7.279166698,269.1164246,

7.287499905,271.3540344,

7.295833111,268.7930908,

7.304166794,271.2004089,

7.3125,269.1117859,

7.320833206,266.269989,

7.329166889,272.8474426,

7.337500095,268.979248,

7.345833302,270.8004761,

7.354166508,267.2224426,

7.362500191,260.4647522,

7.370833397,272.9373169,

7.379166603,272.6731567,

7.387499809,268.6614685,

7.395833492,274.2773743,

7.404166698,269.2386169,

7.412499905,269.6567993,

7.420833111,274.2418518,

7.429166794,273.7478943,

7.4375,269.8352661,

7.445833206,269.4165344,

7.454166889,277.3303833,

7.462500095,268.9024658,

7.470833302,267.7164001,

7.479166508,276.25354,

7.487500191,271.5500793,

7.495833397,270.3078308,

7.504166603,268.1945801,

7.512499809,266.7971802,

7.520833492,270.4238892,

7.529166698,274.4872742,

7.537499905,265.9431152,

7.545833111,273.1702576,

7.554166794,263.8415833,

7.5625,277.7166138,

7.570833206,274.5991821,

7.579166889,269.1801758,

7.587500095,270.7322083,

7.595833302,282.8602905,

7.604166508,266.4679871,

7.612500191,272.5223389,

7.620833397,266.539093,

7.629166603,266.9562988,

7.637499809,273.4309692,

7.645833492,271.4311523,

7.654166698,270.5983582,

7.662499905,277.2865601,

7.670833111,280.4517212,

7.679166794,276.8043823,

7.6875,267.0068054,

7.695833206,278.4141846,

7.704166889,263.0833435,

7.712500095,270.6522522,

7.720833302,260.744812,

7.729166508,274.3539124,

7.737500191,272.3908691,

7.745833397,276.4549255,

7.754166603,269.8600464,

7.762499809,269.6628113,

7.770833492,269.5894775,

7.779166698,271.0510864,

7.787499905,268.4913635,

7.795833111,269.9211731,

7.804166794,270.7181702,

7.8125,275.1889038,

7.820833206,274.8988953,

7.829166889,275.4007874,

7.837500095,277.1079407,

7.845833302,274.5439453,

7.854166508,272.0292358,

7.862500191,270.249939,

7.870833397,280.2843323,

7.879166603,280.9543152,

7.887499809,274.3909302,

7.895833492,266.949585,

7.904166698,271.7950134,

7.912499905,280.3948669,

7.920833111,278.1109619,

7.929166794,274.6559143,

7.9375,277.3430786,

7.945833206,276.5147095,

7.954166889,274.5286255,

7.962500095,266.9535828,

7.970833302,277.410675,

7.979166508,274.583313,

7.987500191,278.4675598,

7.995833397,278.2244568,

8.004166603,281.7032776,

8.012499809,271.9281616,

8.020833015,275.8639832,

8.029166222,275.2081909,

8.037500381,270.355835,

8.045833588,289.8200684,

8.054166794,266.6372986,

8.0625,281.5977783,

8.070833206,279.5819702,

8.079166412,272.3360291,

8.087499619,282.8807678,

8.095833778,279.4271851,

8.104166985,265.1277771,

8.112500191,275.4475708,

8.120833397,277.1783447,

8.129166603,274.5571289,

8.137499809,277.6876526,

8.145833015,277.8359375,

8.154166222,268.0629578,

8.162500381,271.2027283,

8.170833588,272.8888245,

8.179166794,269.4987488,

8.1875,270.8870239,

8.195833206,277.4996643,

8.204166412,280.7008972,

8.212499619,272.8425903,

8.220833778,274.3704834,

8.229166985,269.98349,

8.237500191,280.0882568,

8.245833397,277.0133362,

8.254166603,282.2361145,

8.262499809,270.6141968,

8.270833015,274.2078857,

8.279166222,271.8053894,

8.287500381,273.5628967,

8.295833588,276.9544983,

8.304166794,277.0323792,

8.3125,271.9663696,

8.320833206,274.4284973,

8.329166412,281.6599121,

8.337499619,262.5219116,

8.345833778,273.4981689,

8.354166985,273.8274231,

8.362500191,279.1479797,

8.370833397,279.2101746,

8.379166603,276.6437073,

8.387499809,272.9841309,

8.395833015,287.3100891,

8.404166222,270.8205261,

8.412500381,286.8766479,

8.420833588,280.7531128,

8.429166794,285.0903931,

8.4375,279.2186279,

8.445833206,280.7659302,

8.454166412,278.5251465,

8.462499619,271.8093872,

8.470833778,281.6645203,

8.479166985,275.5789185,

8.487500191,283.0611877,

8.495833397,282.1166077,

8.504166603,285.931488,

8.512499809,282.3076477,

8.520833015,277.6774292,

8.529166222,278.5823059,

8.537500381,275.2355347,

8.545833588,276.1847534,

8.554166794,282.848938,

8.5625,268.8029175,

8.570833206,275.6575623,

8.579166412,273.0539551,

8.587499619,272.6447144,

8.595833778,275.2088013,

8.604166985,282.7547302,

8.612500191,276.025116,

8.620833397,278.2253113,

8.629166603,274.7914734,

8.637499809,273.3894653,

8.645833015,285.476593,

8.654166222,283.9892273,

8.662500381,283.1179199,

8.670833588,273.1336365,

8.679166794,285.0328979,

8.6875,275.4346619,

8.695833206,271.8248901,

8.704166412,271.9154663,

8.712499619,282.1387024,

8.720833778,277.9085693,

8.729166985,279.9185486,

8.737500191,276.1626892,

8.745833397,279.742981,

8.754166603,279.3935242,

8.762499809,274.125061,

8.770833015,275.0447998,

8.779166222,283.4705811,

8.787500381,276.6174316,

8.795833588,278.9684448,

8.804166794,287.5195007,

8.8125,277.2769775,

8.820833206,272.3510132,

8.829166412,278.6858215,

8.837499619,281.1338806,

8.845833778,277.486145,

8.854166985,274.5140991,

8.862500191,272.4977112,

8.870833397,279.2505798,

8.879166603,278.7801514,

8.887499809,280.3711853,

8.895833015,285.1913147,

8.904166222,282.6805725,

8.912500381,284.3435364,

8.920833588,281.930542,

8.929166794,272.8625793,

8.9375,287.7286682,

8.945833206,282.5759888,

8.954166412,274.367218,

8.962499619,283.1541748,

8.970833778,277.1520996,

8.979166985,276.3899841,

8.987500191,280.5078735,

8.995833397,275.9656067,

9.004166603,279.9410706,

9.012499809,282.9046326,

9.020833015,275.4205017,

9.029166222,280.2111816,

9.037500381,282.4354248,

9.045833588,284.3542786,

9.054166794,276.95401,

9.0625,280.5845032,

9.070833206,283.7108765,

9.079166412,278.2488098,

9.087499619,283.2854614,

9.095833778,289.2562561,

9.104166985,277.3835754,

9.112500191,281.8834229,

9.120833397,283.1559143,

9.129166603,268.9957275,

9.137499809,281.3366089,

9.145833015,271.1636047,

9.154166222,279.9265137,

9.162500381,281.2564392,

9.170833588,282.7909546,

9.179166794,278.6201172,

9.1875,285.7977295,

9.195833206,279.5212708,

9.204166412,281.3547058,

9.212499619,283.3216858,

9.220833778,280.695282,

9.229166985,279.4659119,

9.237500191,287.0772095,

9.245833397,285.1129456,

9.254166603,283.3271179,

9.262499809,280.2365417,

9.270833015,276.318634,

9.279166222,278.1183472,

9.287500381,286.09375,

9.295833588,277.6592102,

9.304166794,279.1043091,

9.3125,282.7340393,

9.320833206,286.3894043,

9.329166412,281.3664856,

9.337499619,280.2226257,

9.345833778,273.2991943,

9.354166985,274.1949158,

9.362500191,278.0836487,

9.370833397,284.3309326,

9.379166603,275.9796143,

9.387499809,279.8564453,

9.395833015,276.0760193,

9.404166222,282.8056946,

9.412500381,276.3479919,

9.420833588,279.2055359,

9.429166794,283.7798767,

9.4375,281.1383667,

9.445833206,284.2537842,

9.454166412,285.1054688,

9.462499619,283.7047424,

9.470833778,282.1477966,

9.479166985,285.9143066,

9.487500191,285.8535461,

9.495833397,285.5710449,

9.504166603,282.7618103,

9.512499809,278.0482483,

9.520833015,284.8244934,

9.529166222,282.8969727,

9.537500381,288.3282471,

9.545833588,280.6012268,

9.554166794,288.2485352,

9.5625,279.7424011,

9.570833206,276.9197388,

9.579166412,278.1731567,

9.587499619,288.1376343,

9.595833778,283.9833374,

9.604166985,283.006958,

9.612500191,284.8620911,

9.620833397,280.79776,

9.629166603,285.8739624,

9.637499809,281.9836121,

9.645833015,282.3194275,

9.654166222,278.4689636,

9.662500381,278.3799133,

9.670833588,289.8045959,

9.679166794,285.8610535,

9.6875,295.669281,

9.695833206,288.0588684,

9.704166412,286.7683716,

9.712499619,281.4831238,

9.720833778,288.8579102,

9.729166985,281.4302368,

9.737500191,285.2734985,

9.745833397,289.8887329,

9.754166603,289.8873291,

9.762499809,284.4701843,

9.770833015,286.9577026,

9.779166222,291.7294922,

9.787500381,281.7661133,

9.795833588,289.672821,

9.804166794,280.9536133,

9.8125,279.1865845,

9.820833206,289.0451965,

9.829166412,279.4729919,

9.837499619,283.9712219,

9.845833778,287.038208,

9.854166985,288.120636,

9.862500191,290.1078186,

9.870833397,278.4665222,

9.879166603,291.4350281,

9.887499809,288.039093,

9.895833015,275.5431213,

9.904166222,289.7386169,

9.912500381,284.1593628,

9.920833588,282.6333008,

9.929166794,279.519043,

9.9375,285.5881042,

9.945833206,278.693634,

9.954166412,288.7814331,

9.962499619,284.8170166,

9.970833778,285.7755737,

9.979166985,286.4445801,

9.987500191,284.1841431,

9.995833397,282.5751343,

10.0041666,278.5474243,

10.01249981,283.9752808,

10.02083302,292.4223633,

10.02916622,282.20578,

10.03750038,293.6517639,

10.04583359,285.6698303,

10.05416679,284.6603699,

10.0625,280.134491,

10.07083321,286.0429993,

10.07916641,280.6637878,

10.08749962,287.4884644,

10.09583378,280.3315125,

10.10416698,293.1517334,

10.11250019,281.2081299,

10.1208334,282.5393066,

10.1291666,288.9416809,

10.13749981,289.652832,

10.14583302,283.9037781,

10.15416622,275.9031372,

10.16250038,287.8632507,

10.17083359,283.1798401,

10.17916679,289.1916199,

10.1875,282.8773499,

10.19583321,287.8966675,

10.20416641,285.4254456,

10.21249962,279.9647522,

10.22083378,289.7461853,

10.22916698,292.957428,

10.23750019,287.2270813,

10.2458334,281.6755066,

10.2541666,279.8025513,

10.26249981,288.0094299,

10.27083302,279.047699,

10.27916622,280.8980408,

10.28750038,286.6289368,

10.29583359,284.8095703,

10.30416679,278.6487427,

10.3125,287.6945496,

10.32083321,283.1056519,

10.32916641,295.0516052,

10.33749962,282.0554199,

10.34583378,281.3121033,

10.35416698,282.5587463,

10.36250019,281.9815674,

10.3708334,286.831543,

10.3791666,283.5312195,

10.38749981,287.3264465,

10.39583302,282.9777832,

10.40416622,293.2614746,

10.41250038,292.7185364,

10.42083359,284.6782532,

10.42916679,291.3180237,

10.4375,277.7819214,

10.44583321,282.3022461,

10.45416641,288.7176208,

10.46249962,284.7396851,

10.47083378,278.5049744,

10.47916698,284.6293945,

10.48750019,282.5495605,

10.4958334,288.6436157,

10.5041666,282.7279053,

10.51249981,285.8911133,

10.52083302,287.368927,

10.52916622,286.3994141,

10.53750038,291.5173645,

10.54583359,285.9345093,

10.55416679,287.8518982,

10.5625,283.7278137,

10.57083321,290.7726746,

10.57916641,281.1844482,

10.58749962,282.2487183,

10.59583378,286.3726807,

10.60416698,294.8735962,

10.61250019,288.152832,

10.6208334,295.2099609,

10.6291666,293.767395,

10.63749981,286.0366821,

10.64583302,290.1068115,

10.65416622,287.5075684,

10.66250038,288.3876953,

10.67083359,287.677887,

10.67916679,284.5380249,

10.6875,284.3517761,

10.69583321,282.6679993,

10.70416641,292.3315735,

10.71249962,287.5870972,

10.72083378,290.6967468,

10.72916698,282.9899597,

10.73750019,288.2963257,

10.7458334,285.9757996,

10.7541666,282.2929688,

10.76249981,287.5592346,

10.77083302,282.8736877,

10.77916622,284.9649048,

10.78750038,287.4760742,

10.79583359,287.837738,

10.80416679,295.9035645,

10.8125,284.5222473,

10.82083321,287.3783875,

10.82916641,290.0955505,

10.83749962,286.0921021,

10.84583378,295.2399597,

10.85416698,286.7949524,

10.86250019,289.8348389,

10.8708334,286.0553589,

10.8791666,285.7973022,

10.88749981,286.5565491,

10.89583302,279.1648254,

10.90416622,292.8134155,

10.91250038,288.918396,

10.92083359,282.4538574,

10.92916679,279.1334534,

10.9375,288.9814453,

10.94583321,293.1426086,

10.95416641,283.0429993,

10.96249962,284.0201111,

10.97083378,291.4889832,

10.97916698,292.2949829,

10.98750019,282.9126587,

10.9958334,288.111908,

11.0041666,281.7692871,

11.01249981,275.4111328,

11.02083302,284.8653259,

11.02916622,286.8404541,

11.03750038,288.1787109,

11.04583359,276.2984619,

11.05416679,288.5731812,

11.0625,281.3562622,

11.07083321,285.5559082,

11.07916641,294.537384,

11.08749962,290.3442993,

11.09583378,282.6689148,

11.10416698,282.6018372,

11.11250019,290.1030884,

11.1208334,294.9301453,

11.1291666,285.1471252,

11.13749981,296.5057373,

11.14583302,290.8178406,

11.15416622,293.5274048,

11.16250038,291.5830078,

11.17083359,286.8102417,

11.17916679,285.8598938,

11.1875,289.1608276,

11.19583321,287.5813293,

11.20416641,292.7054138,

11.21249962,281.5379639,

11.22083378,286.3069763,

11.22916698,295.1881714,

11.23750019,284.1966858,

11.2458334,288.7368164,

11.2541666,282.1293945,

11.26249981,291.3170471,

11.27083302,287.287384,

11.27916622,282.8369141,

11.28750038,285.2843323,

11.29583359,292.2976685,

11.30416679,289.6715698,

11.3125,294.9541321,

11.32083321,290.3825684,

11.32916641,285.8234253,

11.33749962,285.4519348,

11.34583378,291.0479431,

11.35416698,297.7763062,

11.36250019,284.1569824,

11.3708334,293.4999084,

11.3791666,287.8892822,

11.38749981,294.0555725,

11.39583302,290.9535522,

11.40416622,285.3038025,

11.41250038,286.552002,

11.42083359,289.3031006,

11.42916679,294.9827576,

11.4375,286.6878662,

11.44583321,283.6765747,

11.45416641,288.4447632,

11.46249962,285.9866028,

11.47083378,283.7922668,

11.47916698,289.4013672,

11.48750019,290.2229614,

11.4958334,294.2193298,

11.5041666,289.5292664,

11.51249981,291.4476318,

11.52083302,283.2679138,

11.52916622,285.741272,

11.53750038,295.4850769,

11.54583359,282.5958252,

11.55416679,288.3052368,

11.5625,284.5242615,

11.57083321,291.9749146,

11.57916641,289.1855774,

11.58749962,292.1535645,

11.59583378,286.0291748,

11.60416698,282.7634583,

11.61250019,284.5334473,

11.6208334,281.4414673,

11.6291666,285.3712463,

11.63749981,284.1626282,

11.64583302,285.3552551,

11.65416622,287.5982361,

11.66250038,285.9126892,

11.67083359,280.1907349,

11.67916679,285.4876709,

11.6875,291.4416199,

11.69583321,289.6489258,

11.70416641,283.9227905,

11.71249962,284.8026733,

11.72083378,294.3783875,

11.72916698,291.0881042,

11.73750019,285.2639465,

11.7458334,290.0166321,

11.7541666,287.1281738,

11.76249981,282.0770874,

11.77083302,289.0304565,

11.77916622,290.4884033,

11.78750038,285.7371521,

11.79583359,293.9776306,

11.80416679,285.9606934,

11.8125,296.1593628,

11.82083321,295.109314,

11.82916641,289.2467041,

11.83749962,281.0079346,

11.84583378,295.3551331,

11.85416698,285.7221069,

11.86250019,285.222168,

11.8708334,299.0827026,

11.8791666,297.3289795,

11.88749981,281.5290222,

11.89583302,292.6109009,

11.90416622,300.7913513,

11.91250038,283.032196,

11.92083359,286.4146423,

11.92916679,291.9430847,

11.9375,299.1342163,

11.94583321,286.7520752,

11.95416641,287.0948792,

11.96249962,293.1168823,

11.97083378,291.5115662,

11.97916698,289.6350098,

11.98750019,289.4674377,

11.9958334,291.2129517,

12.0041666,294.630127,

12.01249981,292.453949,

12.02083302,283.7746887,

12.02916622,292.1600647,

12.03750038,295.596405,

12.04583359,283.5989075,

12.05416679,293.293335,

12.0625,279.9300842,

12.07083321,291.9841919,

12.07916641,286.98349,

12.08749962,294.609375,

12.09583378,285.6156311,

12.10416698,285.4137268,

12.11250019,285.901947,

12.1208334,290.6118774,

12.1291666,292.0257874,

12.13749981,291.963501,

12.14583302,298.5507507,

12.15416622,297.7744751,

12.16250038,293.1153564,

12.17083359,288.0704346,

12.17916679,286.9610291,

12.1875,300.0369568,

12.19583321,291.9650574,

12.20416641,288.4180298,

12.21249962,287.9599915,

12.22083378,298.2479858,

12.22916698,296.1263123,

12.23750019,290.7871704,

12.2458334,280.7174683,

12.2541666,296.4438171,

12.26249981,288.1023254,

12.27083302,287.9416199,

12.27916622,283.9932251,

12.28750038,295.9784546,

12.29583359,289.644165,

12.30416679,294.7842407,

12.3125,277.7078552,

12.32083321,286.263855,

12.32916641,292.0678101,

12.33749962,290.0067444,

12.34583378,298.2223206,

12.35416698,292.072113,

12.36250019,287.1524963,

12.3708334,290.1190186,

12.3791666,278.3427124,

12.38749981,286.8274841,

12.39583302,282.5119324,

12.40416622,284.3888245,

12.41250038,284.0967102,

12.42083359,293.1491394,

12.42916679,289.912384,

12.4375,294.7048645,

12.44583321,283.9645081,

12.45416641,288.5243225,

12.46249962,289.7735901,

12.47083378,296.8718567,

12.47916698,293.0420837,

12.48750019,296.4806824,

12.4958334,296.428833,

12.5041666,278.8232422,

12.51249981,289.6723022,

12.52083302,289.0047607,

12.52916622,293.2297058,

12.53750038,288.0348206,

12.54583359,292.4449463,

12.55416679,287.4613037,

12.5625,294.4176331,

12.57083321,289.6107178,

12.57916641,294.4429932,

12.58749962,292.2775879,

12.59583378,290.9163208,

12.60416698,296.2283325,

12.61250019,292.062561,

12.6208334,297.8504639,

12.6291666,289.7107849,

12.63749981,298.776123,

12.64583302,298.5494385,

12.65416622,291.9389343,

12.66250038,296.7216492,

12.67083359,299.6891174,

12.67916679,302.3853149,

12.6875,293.8793335,

12.69583321,294.3782349,

12.70416641,290.505127,

12.71249962,292.578064,

12.72083378,298.4264832,

12.72916698,296.5325928,

12.73750019,295.8416748,

12.7458334,292.8404236,

12.7541666,284.45578,

12.76249981,296.2518921,

12.77083302,295.000061,

12.77916622,289.8894958,

12.78750038,284.2932434,

12.79583359,300.1925049,

12.80416679,299.8035278,

12.8125,288.1644287,

12.82083321,288.5020142,

12.82916641,288.2042236,

12.83749962,295.3745422,

12.84583378,292.787384,

12.85416698,287.6100464,

12.86250019,289.3392334,

12.8708334,294.0626831,

12.8791666,292.3619385,

12.88749981,294.2466125,

12.89583302,294.8487549,

12.90416622,287.3496704,

12.91250038,293.9162292,

12.92083359,289.875061,

12.92916679,292.6679993,

12.9375,293.5350647,

12.94583321,290.9372253,

12.95416641,301.5213928,

12.96249962,302.901825,

12.97083378,291.6322937,

12.97916698,291.8429565,

12.98750019,288.2753601,

12.9958334,290.5016174,

13.0041666,291.5675049,

13.01249981,289.0078735,

13.02083302,293.6401367,

13.02916622,290.5378113,

13.03750038,295.3692322,

13.04583359,294.6621094,

13.05416679,295.9047241,

13.0625,291.0627747,

13.07083321,293.7278137,

13.07916641,289.0606079,

13.08749962,295.4300232,

13.09583378,293.6228027,

13.10416698,289.2945557,

13.11250019,282.9599609,

13.1208334,293.9022827,

13.1291666,290.9056396,

13.13749981,292.4196472,

13.14583302,284.359375,

13.15416622,286.1126404,

13.16250038,286.921936,

13.17083359,288.504303,

13.17916679,288.2707214,

13.1875,283.4188843,

13.19583321,291.2420654,

13.20416641,289.6253357,

13.21249962,282.0391235,

13.22083378,303.0500488,

13.22916698,293.5968018,

13.23750019,290.933136,

13.2458334,288.4493103,

13.2541666,298.4472046,

13.26249981,297.2034912,

13.27083302,291.9407349,

13.27916622,284.4692383,

13.28750038,291.9902954,

13.29583359,290.336792,

13.30416679,282.9659729,

13.3125,293.1352234,

13.32083321,289.2870789,

13.32916641,288.5347595,

13.33749962,289.5063782,

13.34583378,286.0880432,

13.35416698,286.7617798,

13.36250019,290.9931335,

13.3708334,286.5557251,

13.3791666,291.9878235,

13.38749981,289.5827332,

13.39583302,300.0984497,

13.40416622,291.8249512,

13.41250038,283.4443665,

13.42083359,288.869873,

13.42916679,290.4138794,

13.4375,292.7125549,

13.44583321,293.6427002,

13.45416641,293.3824768,

13.46249962,295.9421082,

13.47083378,282.7483826,

13.47916698,293.6062622,

13.48750019,283.5635986,

13.4958334,291.5158081,

13.5041666,288.4346008,

13.51249981,290.7797241,

13.52083302,289.8033447,

13.52916622,291.769928,

13.53750038,292.0782166,

13.54583359,287.9667664,

13.55416679,288.4951477,

13.5625,295.8211975,

13.57083321,286.8855286,

13.57916641,289.9288025,

13.58749962,294.0365601,

13.59583378,293.2447205,

13.60416698,282.3379822,

13.61250019,296.524353,

13.6208334,282.716156,

13.6291666,295.2543945,

13.63749981,294.3998718,

13.64583302,283.6744385,

13.65416622,291.7662964,

13.66250038,296.2318115,

13.67083359,289.9320374,

13.67916679,288.855835,

13.6875,288.349762,

13.69583321,290.4649353,

13.70416641,288.542572,

13.71249962,298.2467346,

13.72083378,289.848053,

13.72916698,299.1784668,

13.73750019,290.6651611,

13.7458334,293.0182495,

13.7541666,298.9842529,

13.76249981,292.7324524,

13.77083302,289.0707703,

13.77916622,299.4488525,

13.78750038,283.7754822,

13.79583359,287.0068665,

13.80416679,288.2772217,

13.8125,299.2981567,

13.82083321,294.3398438,

13.82916641,287.8613281,

13.83749962,294.3857117,

13.84583378,297.9490662,

13.85416698,294.2424316,

13.86250019,289.083374,

13.8708334,288.1946411,

13.8791666,294.985199,

13.88749981,288.9517212,

13.89583302,290.3049927,

13.90416622,288.7434082,

13.91250038,290.9590149,

13.92083359,293.7041321,

13.92916679,289.2437134,

13.9375,301.1747437,

13.94583321,288.6108704,

13.95416641,290.8910217,

13.96249962,289.7653198,

13.97083378,290.2628479,

13.97916698,286.4519348,

13.98750019,287.7536926,

13.9958334,296.1742859,

14.0041666,292.4273682,

14.01249981,293.2154846,

14.02083302,297.8747559,

14.02916622,288.5018921,

14.03750038,296.5884399,

14.04583359,285.5348206,

14.05416679,291.3081665,

14.0625,290.4339294,

14.07083321,291.4085083,

14.07916641,292.7160339,

14.08749962,293.4807739,

14.09583378,291.8240662,

14.10416698,294.4037781,

14.11250019,296.24823,

14.1208334,295.5598755,

14.1291666,288.4618225,

14.13749981,289.6810608,

14.14583302,300.7335815,

14.15416622,296.5253906,

14.16250038,291.5717468,

14.17083359,295.5308533,

14.17916679,292.5782776,

14.1875,288.5343323,

14.19583321,287.4214172,

14.20416641,301.4963379,

14.21249962,299.9619751,

14.22083378,296.6408691,

14.22916698,294.6126099,

14.23750019,287.4464417,

14.2458334,297.3464355,

14.2541666,299.5951233,

14.26249981,293.2150879,

14.27083302,287.2308044,

14.27916622,286.8115845,

14.28750038,291.286438,

14.29583359,291.6375427,

14.30416679,285.3612366,

14.3125,287.1162415,

14.32083321,295.3391418,

14.32916641,282.1454468,

14.33749962,289.6027222,

14.34583378,284.6708984,

14.35416698,302.9972229,

14.36250019,295.4696655,

14.3708334,292.5848694,

14.3791666,294.9752502,

14.38749981,294.381073,

14.39583302,286.8583679,

14.40416622,295.3230591,

14.41250038,291.650238,

14.42083359,301.1315613,

14.42916679,285.9837341,

14.4375,299.664978,

14.44583321,289.1851501,

14.45416641,291.2265625,

14.46249962,290.5855408,

14.47083378,297.7470093,

14.47916698,290.2886353,

14.48750019,290.2338562,

14.4958334,290.8305359,

14.5041666,295.4249878,

14.51249981,302.862915,

14.52083302,298.8912964,

14.52916622,287.9331665,

14.53750038,297.7135315,

14.54583359,290.6693726,

14.55416679,288.7542114,

14.5625,295.997406,

14.57083321,300.9205017,

14.57916641,307.6712952,

14.58749962,284.666626,

14.59583378,292.6524353,

14.60416698,289.7365417,

14.61250019,292.5887756,

14.6208334,286.7546692,

14.6291666,291.3955688,

14.63749981,289.4274292,

14.64583302,292.443512,

14.65416622,291.5768127,

14.66250038,299.1137695,

14.67083359,290.7416382,

14.67916679,294.2662659,

14.6875,298.9420166,

14.69583321,289.9068604,

14.70416641,288.6303406,

14.71249962,290.1447144,

14.72083378,292.0123901,

14.72916698,295.0231628,

14.73750019,295.5166321,

14.7458334,296.9685364,

14.7541666,291.3559265,

14.76249981,292.1588135,

14.77083302,298.1494141,

14.77916622,291.7097473,

14.78750038,295.7816162,

14.79583359,286.7103882,

14.80416679,290.5380859,

14.8125,286.1890869,

14.82083321,295.7148438,

14.82916641,289.566925,

14.83749962,289.9734497,

14.84583378,285.8078613,

14.85416698,288.9553528,

14.86250019,296.242218,

14.8708334,301.3904114,

14.8791666,294.1019287,

14.88749981,291.6366882,

14.89583302,294.1710205,

14.90416622,286.3127747,

14.91250038,286.3916931,

14.92083359,296.535553,

14.92916679,292.1674805,

14.9375,295.552948,

14.94583321,283.6263123,

14.95416641,288.8239136,

14.96249962,288.0021667,

14.97083378,290.3281555,

14.97916698,301.9934387,

14.98750019,297.6051331,

14.9958334,295.8164063,

15.0041666,285.6019897,

15.01249981,290.6190491,

15.02083302,300.1213989,

15.02916622,293.0353088,

15.03750038,284.4402771,

15.04583359,293.9924011,

15.05416679,285.3971558,

15.0625,285.8257141,

15.07083321,299.9945679,

15.07916641,294.1506653,

15.08749962,293.3629456,

15.09583378,296.8215332,

15.10416698,291.9944153,

15.11250019,289.4032593,

15.1208334,299.2945862,

15.1291666,289.6220703,

15.13749981,297.2426758,

15.14583302,302.5690002,

15.15416622,288.2032776,

15.16250038,293.6246643,

15.17083359,295.4237671,

15.17916679,299.7335815,

15.1875,291.2983093,

15.19583321,292.1089783,

15.20416641,284.7179871,

15.21249962,294.3327026,

15.22083378,292.3183289,

15.22916698,295.0498047,

15.23750019,293.3302917,

15.2458334,292.0660095,

15.2541666,295.9793701,

15.26249981,288.5007629,

15.27083302,291.5752563,

15.27916622,294.5978394,

15.28750038,296.3335266,

15.29583359,295.826416,

15.30416679,299.37146,

15.3125,292.4741821,

15.32083321,289.0229492,

15.32916641,283.0115356,

15.33749962,301.6793518,

15.34583378,299.2058105,

15.35416698,293.2981567,

15.36250019,289.3985596,

15.3708334,295.893158,

15.3791666,284.6505127,

15.38749981,291.8478088,

15.39583302,300.585968,

15.40416622,292.1636047,

15.41250038,286.7447205,

15.42083359,302.9242249,

15.42916679,285.2728882,

15.4375,288.8200989,

15.44583321,301.5009766,

15.45416641,298.0693665,

15.46249962,290.4060364,

15.47083378,298.1113586,

15.47916698,299.221283,

15.48750019,292.2573547,

15.4958334,288.8568726,

15.5041666,289.9003601,

15.51249981,292.0586243,

15.52083302,291.2059021,

15.52916622,283.9179077,

15.53750038,294.773468,

15.54583359,294.5678101,

15.55416679,297.6336365,

15.5625,289.8339233,

15.57083321,293.5620728,

15.57916641,283.0993652,

15.58749962,292.5983276,

15.59583378,286.3266602,

15.60416698,293.9324341,

15.61250019,293.3460693,

15.6208334,293.8768921,

15.6291666,289.8890686,

15.63749981,297.1676331,

15.64583302,282.5595703,

15.65416622,301.2622681,

15.66250038,291.0324097,

15.67083359,289.5917969,

15.67916679,288.4919739,

15.6875,297.2507935,

15.69583321,292.0707092,

15.70416641,299.6855774,

15.71249962,297.1961365,

15.72083378,287.8842163,

15.72916698,299.4255371,

15.73750019,294.5314941,

15.7458334,289.4165039,

15.7541666,290.0602722,

15.76249981,294.1677551,

15.77083302,297.9351501,

15.77916622,282.9194641,

15.78750038,297.1628113,

15.79583359,291.3991394,

15.80416679,298.9834595,

15.8125,296.2705688,

15.82083321,301.7552795,

15.82916641,294.0614929,

15.83749962,296.7340088,

15.84583378,288.8606873,

15.85416698,293.3258972,

15.86250019,293.1573792,

15.8708334,299.7623596,

15.8791666,294.2516479,

15.88749981,300.6603699,

15.89583302,294.1138611,

15.90416622,300.1463013,

15.91250038,291.3657837,

15.92083359,295.2907715,

15.92916679,290.3716736,

15.9375,292.6647644,

15.94583321,289.2728577,

15.95416641,287.9665527,

15.96249962,291.5065613,

15.97083378,293.9807434,

15.97916698,278.5582581,

15.98750019,290.5519714,

15.9958334,292.68573,

16.00416756,300.256134,

16.01250076,297.021698,

16.02083397,295.5767517,

16.02916718,295.1816711,

16.03750038,284.1761475,

16.04583359,295.7105103,

16.05416679,297.4630127,

16.0625,288.7059326,

16.07083321,300.5583801,

16.07916641,287.6212463,

16.08749962,290.398407,

16.09583282,299.5203247,

16.10416603,293.2502747,

16.11249924,291.3725281,

16.12083244,301.4879456,

16.12916756,299.215332,

16.13750076,293.2774048,

16.14583397,293.499054,

16.15416718,292.3054199,

16.16250038,286.4472961,

16.17083359,301.9447021,

16.17916679,295.5692749,

16.1875,291.7652893,

16.19583321,294.5543518,

16.20416641,291.550354,

16.21249962,286.7151184,

16.22083282,288.6074219,

16.22916603,300.0707397,

16.23749924,299.54599,

16.24583244,288.9957581,

16.25416756,290.0443726,

16.26250076,286.3507385,

16.27083397,288.8374329,

16.27916718,291.4728699,

16.28750038,295.5273743,

16.29583359,290.5619202,

16.30416679,294.1803894,

16.3125,290.3232422,

16.32083321,291.3641357,

16.32916641,289.7442322,

16.33749962,290.1913147,

16.34583282,295.8086243,

16.35416603,291.0269775,

16.36249924,289.6245728,

16.37083244,284.7071838,

16.37916756,294.6932373,

16.38750076,292.1973572,

16.39583397,295.8912048,

16.40416718,288.0756836,

16.41250038,297.8676758,

16.42083359,298.0195923,

16.42916679,294.6603088,

16.4375,290.3050842,

16.44583321,292.4901428,

16.45416641,293.604187,

16.46249962,294.9303894,

16.47083282,300.8235474,

16.47916603,287.4883118,

16.48749924,293.1035461,

16.49583244,297.3341675,

16.50416756,289.9421692,

16.51250076,289.2135315,

16.52083397,289.4103699,

16.52916718,290.4851074,

16.53750038,299.9832764,

16.54583359,290.2359009,

16.55416679,289.1982117,

16.5625,296.3614197,

16.57083321,296.0193481,

16.57916641,293.5433655,

16.58749962,291.737793,

16.59583282,291.0430908,

16.60416603,298.2797546,

16.61249924,300.9021606,

16.62083244,289.1785889,

16.62916756,289.9640503,

16.63750076,284.8768921,

16.64583397,296.9031372,

16.65416718,296.4729614,

16.66250038,294.0984802,

16.67083359,294.3267822,

16.67916679,291.1448975,

16.6875,299.0829773,

16.69583321,299.9412842,

16.70416641,288.0019226,

16.71249962,306.3804321,

16.72083282,294.3174744,

16.72916603,290.261261,

16.73749924,297.2346497,

16.74583244,288.1426392,

16.75416756,295.1095886,

16.76250076,293.3405762,

16.77083397,295.9302368,

16.77916718,289.4274902,

16.78750038,283.6491394,

16.79583359,287.2496338,

16.80416679,300.6533203,

16.8125,298.0527649,

16.82083321,288.1876221,

16.82916641,297.8597717,

16.83749962,284.8996887,

16.84583282,298.028717,

16.85416603,292.2686462,

16.86249924,294.9905396,

16.87083244,295.5759888,

16.87916756,286.1615295,

16.88750076,297.224823,

16.89583397,287.974884,

16.90416718,293.1563721,

16.91250038,285.2817078,

16.92083359,300.0581665,

16.92916679,291.5120544,

16.9375,295.1006775,

16.94583321,298.4398193,

16.95416641,302.8667908,

16.96249962,296.5447388,

16.97083282,293.1558533,

16.97916603,297.1321106,

16.98749924,283.4207458,

16.99583244,294.7508545,

17.00416756,298.7580566,

17.01250076,295.7713013,

17.02083397,298.3995361,

17.02916718,299.2718506,

17.03750038,287.4667664,

17.04583359,290.9239807,

17.05416679,290.9981384,

17.0625,287.2077637,

17.07083321,289.4002686,

17.07916641,282.9078064,

17.08749962,294.8009644,

17.09583282,290.3264465,

17.10416603,299.995575,

17.11249924,296.8211975,

17.12083244,294.5989685,

17.12916756,295.8955078,

17.13750076,296.498291,

17.14583397,296.8374939,

17.15416718,298.8781738,

17.16250038,293.3908081,

17.17083359,293.2809143,

17.17916679,293.0088806,

17.1875,295.8877258,

17.19583321,296.2614746,

17.20416641,287.2386169,

17.21249962,295.21521,

17.22083282,289.1304626,

17.22916603,294.092041,

17.23749924,293.6781921,

17.24583244,279.812439,

17.25416756,287.8618774,

17.26250076,286.5702209,

17.27083397,296.1953735,

17.27916718,295.0462952,

17.28750038,304.8195496,

17.29583359,283.5657043,

17.30416679,292.9408875,

17.3125,299.4329224,

17.32083321,294.3178101,

17.32916641,288.3603516,

17.33749962,287.6517639,

17.34583282,299.3501587,

17.35416603,283.2908936,

17.36249924,291.5677185,

17.37083244,287.9827271,

17.37916756,288.3251343,

17.38750076,292.4188538,

17.39583397,292.1887512,

17.40416718,286.3475037,

17.41250038,290.7428894,

17.42083359,293.4211426,

17.42916679,298.602356,

17.4375,294.8151855,

17.44583321,281.7221375,

17.45416641,293.350769,

17.46249962,305.1043091,

17.47083282,292.4640503,

17.47916603,293.8718872,

17.48749924,296.6109924,

17.49583244,290.9412842,

17.50416756,290.1303101,

17.51250076,297.3799744,

17.52083397,298.3769836,

17.52916718,294.2001953,

17.53750038,290.5184937,

17.54583359,288.8976135,

17.55416679,298.7138977,

17.5625,294.0924683,

17.57083321,292.1616821,

17.57916641,300.3275146,

17.58749962,290.2164307,

17.59583282,289.7729187,

17.60416603,296.1547241,

17.61249924,289.6116943,

17.62083244,303.4487915,

17.62916756,293.9741211,

17.63750076,294.7296448,

17.64583397,292.5986023,

17.65416718,295.72995,

17.66250038,298.9072266,

17.67083359,292.5559998,

17.67916679,283.1427002,

17.6875,298.1386719,

17.69583321,295.1999207,

17.70416641,292.745575,

17.71249962,299.9537048,

17.72083282,297.2884521,

17.72916603,294.31427,

17.73749924,292.3413696,

17.74583244,304.5849609,

17.75416756,296.6963806,

17.76250076,293.1092529,

17.77083397,296.5812378,

17.77916718,298.8357239,

17.78750038,294.9434509,

17.79583359,291.5496521,

17.80416679,298.9165039,

17.8125,284.0073242,

17.82083321,290.5347595,

17.82916641,287.0144958,

17.83749962,291.009552,

17.84583282,290.3011475,

17.85416603,288.256134,

17.86249924,289.2152405,

17.87083244,296.6065674,

17.87916756,288.4188843,

17.88750076,291.0037842,

17.89583397,286.2489929,

17.90416718,297.7892761,

17.91250038,285.0935059,

17.92083359,292.5440369,

17.92916679,289.6789551,

17.9375,285.9648438,

17.94583321,291.4660034,

17.95416641,292.2968445,

17.96249962,285.631897,

17.97083282,292.8464966,

17.97916603,281.677887,

17.98749924,283.0750427,

17.99583244,281.975769,

18.00416756,296.394928,

18.01250076,291.7626648,

18.02083397,294.9096375,

18.02916718,290.8287354,

18.03750038,294.0363159,

18.04583359,297.1853027,

18.05416679,300.7182312,

18.0625,288.6301575,

18.07083321,298.4745178,

18.07916641,287.0784912,

18.08749962,291.0750122,

18.09583282,284.1741638,

18.10416603,295.1818237,

18.11249924,293.2145691,

18.12083244,288.3431702,

18.12916756,296.8952026,

18.13750076,297.7456665,

18.14583397,294.9934998,

18.15416718,298.2553711,

18.16250038,290.3995056,

18.17083359,296.2414246,

18.17916679,287.6531067,

18.1875,299.7468567,

18.19583321,296.6071167,

18.20416641,293.9179077,

18.21249962,292.7941284,

18.22083282,292.5026855,

18.22916603,285.2813721,

18.23749924,288.8079224,

18.24583244,293.3182983,

18.25416756,294.9900513,

18.26250076,295.5439148,

18.27083397,292.3456726,

18.27916718,295.9411926,

18.28750038,297.0393066,

18.29583359,299.2363281,

18.30416679,293.8205261,

18.3125,290.474884,

18.32083321,290.1446838,

18.32916641,289.2564087,

18.33749962,294.0150757,

18.34583282,298.1286011,

18.35416603,287.7064819,

18.36249924,289.0928345,

18.37083244,294.8356018,

18.37916756,299.6047058,

18.38750076,295.1098022,

18.39583397,295.3881531,

18.40416718,294.9795227,

18.41250038,307.1366882,

18.42083359,293.6036987,

18.42916679,291.8285217,

18.4375,292.3961487,

18.44583321,287.2133179,

18.45416641,287.2142944,

18.46249962,297.90271,

18.47083282,290.8569336,

18.47916603,296.3239441,

18.48749924,291.0040283,

18.49583244,289.4832458,

18.50416756,305.7355957,

18.51250076,299.453125,

18.52083397,288.6893616,

18.52916718,301.2384644,

18.53750038,296.4477539,

18.54583359,294.3896484,

18.55416679,299.2640381,

18.5625,285.179718,

18.57083321,289.8414307,

18.57916641,282.6698914,

18.58749962,299.7320862,

18.59583282,292.6915894,

18.60416603,290.0614624,

18.61249924,301.7136841,

18.62083244,283.4500122,

18.62916756,294.5792847,

18.63750076,285.0962219,

18.64583397,294.9547424,

18.65416718,289.6578674,

18.66250038,291.9628601,

18.67083359,294.1797485,

18.67916679,289.7082214,

18.6875,288.5084839,

18.69583321,288.8378296,

18.70416641,300.54422,

18.71249962,287.263092,

18.72083282,302.2659302,

18.72916603,296.171936,

18.73749924,287.1077576,

18.74583244,292.9588013,

18.75416756,289.203949,

18.76250076,284.1638184,

18.77083397,293.1028748,

18.77916718,292.5654907,

18.78750038,298.6194763,

18.79583359,297.005127,

18.80416679,295.9567871,

18.8125,278.1802673,

18.82083321,290.4666748,

18.82916641,288.4960632,

18.83749962,289.5864258,

18.84583282,295.9153442,

18.85416603,289.6597595,

18.86249924,289.6713562,

18.87083244,284.8560791,

18.87916756,297.4589844,

18.88750076,293.739563,

18.89583397,292.3957825,

18.90416718,290.0390625,

18.91250038,291.743927,

18.92083359,291.5579834,

18.92916679,287.9114075,

18.9375,293.6629333,

18.94583321,304.408783,

18.95416641,303.1454468,

18.96249962,290.5920105,

18.97083282,286.4475098,

18.97916603,290.3532104,

18.98749924,291.8287354,

18.99583244,299.4329834,

19.00416756,294.0742188,

19.01250076,287.844696,

19.02083397,290.8083191,

19.02916718,289.6984558,

19.03750038,291.5258484,

19.04583359,288.5612793,

19.05416679,290.4758301,

19.0625,301.647644,

19.07083321,293.8636169,

19.07916641,289.2962341,

19.08749962,295.0236206,

19.09583282,300.097168,

19.10416603,294.0501404,

19.11249924,296.2426147,

19.12083244,299.0016785,

19.12916756,295.0152588,

19.13750076,290.1333618,

19.14583397,296.2210693,

19.15416718,292.3379822,

19.16250038,296.0516968,

19.17083359,297.7207947,

19.17916679,293.1846619,

19.1875,303.0382385,

19.19583321,302.4494324,

19.20416641,303.6132813,

19.21249962,289.9028015,

19.22083282,297.4663086,

19.22916603,297.9341125,

19.23749924,297.1542969,

19.24583244,298.8917847,

19.25416756,289.5683594,

19.26250076,297.9148254,

19.27083397,297.3078613,

19.27916718,292.8340759,

19.28750038,294.2396545,

19.29583359,301.97995,

19.30416679,293.5611267,

19.3125,301.0820618,

19.32083321,300.3972473,

19.32916641,298.6811218,

19.33749962,286.3713684,

19.34583282,301.5863647,

19.35416603,296.1088562,

19.36249924,289.1617126,

19.37083244,298.8984375,

19.37916756,292.8117065,

19.38750076,301.607605,

19.39583397,295.4391479,

19.40416718,289.5747681,

19.41250038,291.4281311,

19.42083359,293.5559998,

19.42916679,290.3355713,

19.4375,293.5204468,

19.44583321,293.4858704,

19.45416641,298.9403687,

19.46249962,291.8256531,

19.47083282,287.7051697,

19.47916603,292.997467,

19.48749924,292.8735046,

19.49583244,296.1278381,

19.50416756,292.1654663,

19.51250076,292.197937,

19.52083397,292.0254517,

19.52916718,290.2846985,

19.53750038,284.9995117,

19.54583359,289.2538757,

19.55416679,288.9060364,

19.5625,298.3993835,

19.57083321,294.7478333,

19.57916641,289.3824463,

19.58749962,289.8122559,

19.59583282,295.5909119,

19.60416603,292.1967163,

19.61249924,301.7251282,

19.62083244,296.1569214,

19.62916756,302.6342468,

19.63750076,291.660675,

19.64583397,282.4944763,

19.65416718,286.2219849,

19.66250038,289.5126953,

19.67083359,286.3761902,

19.67916679,290.3347778,

19.6875,294.2691956,

19.69583321,288.9266663,

19.70416641,297.7176208,

19.71249962,295.0693054,

19.72083282,297.0923767,

19.72916603,292.0937195,

19.73749924,292.1092834,

19.74583244,289.0448608,

19.75416756,291.8243713,

19.76250076,289.4909973,

19.77083397,290.5960693,

19.77916718,292.0357971,

19.78750038,290.2138062,

19.79583359,291.7566833,

19.80416679,293.7168579,

19.8125,292.6776123,

19.82083321,287.3336487,

19.82916641,295.7614441,

19.83749962,305.0500793,

19.84583282,297.5103455,

19.85416603,296.4632263,

19.86249924,293.6856995,

19.87083244,291.3580627,

19.87916756,295.5922546,

19.88750076,290.5177917,

19.89583397,296.4223328,

19.90416718,288.4412231,

19.91250038,297.3936462,

19.92083359,293.1220093,

19.92916679,289.8026428,

19.9375,287.5830383,

19.94583321,292.4883423,

19.95416641,296.893219,

19.96249962,298.5108643,

19.97083282,298.8763428,

19.97916603,301.0868225,

19.98749924,280.30896,

19.99583244,285.7738342,

20.00416756,292.864563,

20.01250076,287.2355347,

20.02083397,300.7757568,

20.02916718,281.52948,

20.03750038,298.6841736,

20.04583359,285.079071,

20.05416679,291.8286743,

20.0625,288.8243713,

20.07083321,293.179718,

20.07916641,293.3256836,

20.08749962,298.1934509,

20.09583282,288.8405762,

20.10416603,289.8797913,

20.11249924,295.6502686,

20.12083244,290.7785034,

20.12916756,290.8454285,

20.13750076,292.0038757,

20.14583397,288.2462463,

20.15416718,294.9505615,

20.16250038,288.924408,

20.17083359,291.9704285,

20.17916679,292.9161987,

20.1875,291.1506042,

20.19583321,293.0063477,

20.20416641,287.7103271,

20.21249962,289.780365,

20.22083282,289.6992493,

20.22916603,286.4440918,

20.23749924,291.2652893,

20.24583244,294.9372253,

20.25416756,301.0217896,

20.26250076,288.4604492,

20.27083397,294.9749451,

20.27916718,297.4382324,

20.28750038,288.9251404,

20.29583359,294.8217163,

20.30416679,293.73526,

20.3125,294.0914307,

20.32083321,294.6712952,

20.32916641,284.7471313,

20.33749962,305.6712341,

20.34583282,293.724762,

20.35416603,296.8504639,

20.36249924,283.0458679,

20.37083244,296.6608887,

20.37916756,292.3847046,

20.38750076,297.2312317,

20.39583397,293.3927002,

20.40416718,296.5651245,

20.41250038,286.8885193,

20.42083359,301.5131836,

20.42916679,296.4906921,

20.4375,286.3098755,

20.44583321,303.2589722,

20.45416641,293.4064636,

20.46249962,292.7139282,

20.47083282,285.5002136,

20.47916603,288.5351868,

20.48749924,286.5551453,

20.49583244,298.3252258,

20.50416756,290.6325989,

20.51250076,285.256134,

20.52083397,282.5192261,

20.52916718,290.6739807,

20.53750038,294.4218445,

20.54583359,291.4556274,

20.55416679,289.3976135,

20.5625,293.9359131,

20.57083321,289.5737,

20.57916641,289.1677551,

20.58749962,289.1424255,

20.59583282,288.0089722,

20.60416603,297.8019409,

20.61249924,290.2226563,

20.62083244,297.1489563,

20.62916756,296.1269531,

20.63750076,286.4515381,

20.64583397,291.4468994,

20.65416718,290.6159668,

20.66250038,287.3838501,

20.67083359,298.3226318,

20.67916679,299.8397217,

20.6875,291.2009583,

20.69583321,291.6796875,

20.70416641,297.1486511,

20.71249962,295.2780151,

20.72083282,288.8909912,

20.72916603,299.3929749,

20.73749924,285.46521,

20.74583244,291.3103638,

20.75416756,285.3898621,

20.76250076,287.5892639,

20.77083397,294.2545166,

20.77916718,300.3786316,

20.78750038,293.8173828,

20.79583359,291.0558167,

20.80416679,293.2437134,

20.8125,292.9885864,

20.82083321,295.6163635,

20.82916641,294.6339417,

20.83749962,296.7602234,

20.84583282,288.9483948,

20.85416603,296.9992371,

20.86249924,281.2199707,

20.87083244,294.9101257,

20.87916756,288.9205322,

20.88750076,299.0235291,

20.89583397,292.1469421,

20.90416718,297.9657593,

20.91250038,300.2606506,

20.92083359,294.3565979,

20.92916679,295.9777832,

20.9375,288.3453369,

20.94583321,298.5432739,

20.95416641,298.4327698,

20.96249962,285.7049255,

20.97083282,295.4273682,

20.97916603,299.9179688,

20.98749924,291.776062,

20.99583244,286.2008362,

21.00416756,292.6808472,

21.01250076,297.380249,

21.02083397,290.9186096,

21.02916718,288.8880005,

21.03750038,293.6559143,

21.04583359,288.5270691,

21.05416679,293.0965271,

21.0625,289.0083618,

21.07083321,298.8591614,

21.07916641,296.1520996,

21.08749962,292.8635254,

21.09583282,294.6337891,

21.10416603,293.8419495,

21.11249924,292.7149353,

21.12083244,295.5836182,

21.12916756,282.4286194,

21.13750076,293.7053528,

21.14583397,284.6075745,

21.15416718,293.6755066,

21.16250038,291.300293,

21.17083359,292.2311707,

21.17916679,292.7185974,

21.1875,292.874176,

21.19583321,286.853241,

21.20416641,287.7930603,

21.21249962,295.6994934,

21.22083282,301.5873108,

21.22916603,289.1487427,

21.23749924,291.9793396,

21.24583244,291.4000549,

21.25416756,295.2271423,

21.26250076,297.2626343,

21.27083397,290.818512,

21.27916718,289.2079163,

21.28750038,279.243103,

21.29583359,295.3828125,

21.30416679,286.1072998,

21.3125,294.230072,

21.32083321,286.0891724,

21.32916641,285.8086243,

21.33749962,282.3831787,

21.34583282,282.1884766,

21.35416603,286.7998657,

21.36249924,286.1639709,

21.37083244,300.0362549,

21.37916756,286.657074,

21.38750076,287.0328674,

21.39583397,291.3330078,

21.40416718,300.977478,

21.41250038,296.0725403,

21.42083359,292.0152893,

21.42916679,292.8554688,

21.4375,301.6834106,

21.44583321,292.4607849,

21.45416641,296.4941711,

21.46249962,288.9987488,

21.47083282,287.6875305,

21.47916603,288.3049316,

21.48749924,296.4828186,

21.49583244,294.738739,

21.50416756,296.53125,

21.51250076,293.3487244,

21.52083397,285.6802368,

21.52916718,288.2035522,

21.53750038,301.6398315,

21.54583359,293.2492065,

21.55416679,298.8833618,

21.5625,295.0754395,

21.57083321,293.9102173,

21.57916641,294.0952148,

21.58749962,288.9015808,

21.59583282,284.2894897,

21.60416603,287.5357971,

21.61249924,303.9810181,

21.62083244,293.2379761,

21.62916756,295.9831238,

21.63750076,281.877655,

21.64583397,290.5805359,

21.65416718,287.0369873,

21.66250038,296.34198,

21.67083359,283.3786011,

21.67916679,297.6145935,

21.6875,290.81604,

21.69583321,292.4290161,

21.70416641,294.3893433,

21.71249962,290.9293823,

21.72083282,291.7534485,

21.72916603,288.3241272,

21.73749924,293.6974792,

21.74583244,283.2419739,

21.75416756,304.9499817,

21.76250076,302.7228088,

21.77083397,286.3914795,

21.77916718,298.2678528,

21.78750038,286.8145142,

21.79583359,294.5683594,

21.80416679,288.6703796,

21.8125,292.1411438,

21.82083321,284.6220093,

21.82916641,291.1416931,

21.83749962,296.2409668,

21.84583282,295.968689,

21.85416603,292.8634644,

21.86249924,300.0174866,

21.87083244,286.1552429,

21.87916756,292.8824158,

21.88750076,294.5903015,

21.89583397,293.2034607,

21.90416718,300.7150879,

21.91250038,296.5870361,

21.92083359,289.1499023,

21.92916679,302.661377,

21.9375,291.0543518,

21.94583321,295.7857056,

21.95416641,299.1899414,

21.96249962,287.9538879,

21.97083282,294.8031006,

21.97916603,283.394043,

21.98749924,287.6567993,

21.99583244,286.1186523,

22.00416756,285.6651001,

22.01250076,288.5549011,

22.02083397,282.3396912,

22.02916718,289.3921509,

22.03750038,285.04953,

22.04583359,297.5694275,

22.05416679,298.9659119,

22.0625,286.8202515,

22.07083321,287.8623352,

22.07916641,293.0371399,

22.08749962,291.3235779,

22.09583282,282.553833,

22.10416603,288.9311523,

22.11249924,293.4468994,

22.12083244,290.6709595,

22.12916756,287.4054565,

22.13750076,293.3762207,

22.14583397,277.4926453,

22.15416718,289.8492737,

22.16250038,293.6124573,

22.17083359,294.5456848,

22.17916679,283.4954529,

22.1875,289.7688904,

22.19583321,290.5720215,

22.20416641,293.3320007,

22.21249962,290.4682312,

22.22083282,288.3989563,

22.22916603,286.0023193,

22.23749924,279.7731628,

22.24583244,275.246582,

22.25416756,296.3265381,

22.26250076,288.3995972,

22.27083397,290.5993347,

22.27916718,290.7573547,

22.28750038,293.7644043,

22.29583359,287.9535217,

22.30416679,291.4112854,

22.3125,299.3225098,

22.32083321,288.2290955,

22.32916641,301.5570374,

22.33749962,289.6175842,

22.34583282,293.4624634,

22.35416603,291.127594,

22.36249924,295.3529358,

22.37083244,291.5379639,

22.37916756,291.210144,

22.38750076,289.4381104,

22.39583397,284.6150208,

22.40416718,300.9638062,

22.41250038,290.2889709,

22.42083359,283.0874023,

22.42916679,288.8457947,

22.4375,293.750885,

22.44583321,289.9378662,

22.45416641,290.0579224,

22.46249962,284.1159973,

22.47083282,294.5209961,

22.47916603,303.9914246,

22.48749924,293.9900208,

22.49583244,295.34375,

22.50416756,290.6928406,

22.51250076,293.3747864,

22.52083397,293.6878357,

22.52916718,284.9968567,

22.53750038,294.6257019,

22.54583359,295.8369751,

22.55416679,299.9119568,

22.5625,290.1235657,

22.57083321,278.294342,

22.57916641,293.671875,

22.58749962,289.7229004,

22.59583282,292.8049622,

22.60416603,287.8138428,

22.61249924,287.2614136,

22.62083244,291.570282,

22.62916756,287.5763245,

22.63750076,294.8716125,

22.64583397,280.9605713,

22.65416718,294.309021,

22.66250038,295.9076538,

22.67083359,292.1322632,

22.67916679,287.7929688,

22.6875,282.6129456,

22.69583321,291.4896851,

22.70416641,290.9284668,

22.71249962,296.8241272,

22.72083282,297.8256531,

22.72916603,293.5288696,

22.73749924,289.9534302,

22.74583244,278.2259827,

22.75416756,292.7165833,

22.76250076,292.2687683,

22.77083397,283.3351746,

22.77916718,286.7037354,

22.78750038,292.4414978,

22.79583359,292.2713623,

22.80416679,292.5631714,

22.8125,289.2270508,

22.82083321,295.9893494,

22.82916641,277.8345032,

22.83749962,285.3617249,

22.84583282,303.6902771,

22.85416603,287.8099976,

22.86249924,292.4132996,

22.87083244,301.6081848,

22.87916756,290.192749,

22.88750076,294.7920532,

22.89583397,294.7190552,

22.90416718,295.8521423,

22.91250038,292.9485474,

22.92083359,279.0798645,

22.92916679,289.0866394,

22.9375,286.3544006,

22.94583321,282.9560852,

22.95416641,289.2951965,

22.96249962,289.7816162,

22.97083282,292.583313,

22.97916603,291.5172424,

22.98749924,285.5291748,

22.99583244,285.0154114,

23.00416756,290.5453491,

23.01250076,283.8343201,

23.02083397,294.3396912,

23.02916718,294.0005798,

23.03750038,286.4766846,

23.04583359,286.5844727,

23.05416679,291.9220886,

23.0625,288.9004822,

23.07083321,284.9559326,

23.07916641,290.3898926,

23.08749962,292.6493225,

23.09583282,297.5144043,

23.10416603,284.9847412,

23.11249924,285.5666504,

23.12083244,290.260376,

23.12916756,299.4385376,

23.13750076,292.9909363,

23.14583397,292.9525452,

23.15416718,290.0462646,

23.16250038,292.2245178,

23.17083359,291.9053955,

23.17916679,298.0272522,

23.1875,295.6473083,

23.19583321,288.620636,

23.20416641,287.4062805,

23.21249962,293.7012939,

23.22083282,290.302063,

23.22916603,293.8495483,

23.23749924,282.6644287,

23.24583244,293.0447388,

23.25416756,288.3070068,

23.26250076,290.8580933,

23.27083397,281.8124695,

23.27916718,286.9845276,

23.28750038,291.4611206,

23.29583359,294.7383728,

23.30416679,291.2761841,

23.3125,287.4115601,

23.32083321,294.4325562,

23.32916641,290.0333557,

23.33749962,283.896759,

23.34583282,288.8739014,

23.35416603,296.0874939,

23.36249924,282.5603027,

23.37083244,284.5509949,

23.37916756,291.2106628,

23.38750076,282.1554871,

23.39583397,307.8934937,

23.40416718,291.9877625,

23.41250038,282.8311157,

23.42083359,287.8623047,

23.42916679,293.1833191,

23.4375,289.9805298,

23.44583321,295.5884399,

23.45416641,283.9013672,

23.46249962,293.3020325,

23.47083282,290.453064,

23.47916603,294.4342651,

23.48749924,285.8396301,

23.49583244,288.3785095,

23.50416756,293.3502197,

23.51250076,299.5306702,

23.52083397,282.5536194,

23.52916718,286.0620117,

23.53750038,290.5501099,

23.54583359,297.0865479,

23.55416679,293.1022644,

23.5625,287.0933838,

23.57083321,291.5506592,

23.57916641,292.6616516,

23.58749962,308.5967102,

23.59583282,291.6225586,

23.60416603,294.028595,

23.61249924,289.4036865,

23.62083244,290.2460022,

23.62916756,291.0432129,

23.63750076,295.109375,

23.64583397,288.9766846,

23.65416718,293.0420532,

23.66250038,295.4194641,

23.67083359,298.1120605,

23.67916679,292.0242004,

23.6875,298.5379333,

23.69583321,299.0732117,

23.70416641,296.9762573,

23.71249962,285.4836731,

23.72083282,288.3157349,

23.72916603,294.3598022,

23.73749924,292.4796753,

23.74583244,291.6212463,

23.75416756,295.1197815,

23.76250076,283.5215149,

23.77083397,289.9906921,

23.77916718,288.329895,

23.78750038,286.5172119,

23.79583359,282.6327515,

23.80416679,286.873291,

23.8125,301.2322388,

23.82083321,291.6394043,

23.82916641,290.3291931,

23.83749962,296.7675171,

23.84583282,296.2871094,

23.85416603,296.5640564,

23.86249924,282.3585815,

23.87083244,293.5945129,

23.87916756,294.9620972,

23.88750076,284.0622864,

23.89583397,289.2762451,

23.90416718,293.2431946,

23.91250038,282.5105286,

23.92083359,290.4228821,

23.92916679,286.3237,

23.9375,296.5656433,

23.94583321,289.2573242,

23.95416641,287.409668,

23.96249962,293.4779358,

23.97083282,291.4324646,

23.97916603,287.7750244,

23.98749924,288.5749817,

23.99583244,285.853241,

24.00416756,297.4525757,

24.01250076,302.6629639,

24.02083397,293.7511902,

24.02916718,282.7110901,

24.03750038,289.5650635,

24.04583359,283.2915955,

24.05416679,292.331665,

24.0625,287.8747864,

24.07083321,291.4474182,

24.07916641,287.0086365,

24.08749962,297.2995605,

24.09583282,289.0496521,

24.10416603,290.9487915,

24.11249924,294.0934448,

24.12083244,286.4437561,

24.12916756,290.8033142,

24.13750076,290.8612366,

24.14583397,295.0777893,

24.15416718,284.2267151,

24.16250038,287.7681274,

24.17083359,294.7028809,

24.17916679,285.301178,

24.1875,293.0787354,

24.19583321,281.9134216,

24.20416641,288.2529907,

24.21249962,288.5488586,

24.22083282,290.2061157,

24.22916603,284.73703,

24.23749924,289.6809387,

24.24583244,290.0588989,

24.25416756,289.7576599,

24.26250076,290.1755371,

24.27083397,284.59198,

24.27916718,290.1172791,

24.28750038,288.599884,

24.29583359,287.8401794,

24.30416679,290.6111145,

24.3125,287.0863342,

24.32083321,300.8063965,

24.32916641,288.7537842,

24.33749962,279.5761719,

24.34583282,283.6160278,

24.35416603,296.9324646,

24.36249924,292.5811157,

24.37083244,291.9890137,

24.37916756,286.4958191,

24.38750076,288.8889771,

24.39583397,300.0439758,

24.40416718,293.0171814,

24.41250038,292.6619263,

24.42083359,287.7903442,

24.42916679,288.2024841,

24.4375,282.8477478,

24.44583321,292.1817322,

24.45416641,287.5923767,

24.46249962,288.216217,

24.47083282,281.3542175,

24.47916603,292.3980713,

24.48749924,288.9320068,

24.49583244,291.7829285,

24.50416756,290.587677,

24.51250076,281.6223145,

24.52083397,280.4533997,

24.52916718,283.8177795,

24.53750038,294.9503479,

24.54583359,283.5749817,

24.55416679,288.9316711,

24.5625,293.0452271,

24.57083321,281.7835693,

24.57916641,291.7731628,

24.58749962,294.0921326,

24.59583282,289.6593018,

24.60416603,291.842865,

24.61249924,289.6962891,

24.62083244,299.072937,

24.62916756,292.839386,

24.63750076,285.3731689,

24.64583397,283.3536072,

24.65416718,295.7052307,

24.66250038,287.232666,

24.67083359,287.4902344,

24.67916679,289.2347412,

24.6875,293.6246338,

24.69583321,291.9743958,

24.70416641,292.3160706,

24.71249962,298.3964233,

24.72083282,288.3969727,

24.72916603,293.6052856,

24.73749924,296.3992004,

24.74583244,290.3877869,

24.75416756,291.9359131,

24.76250076,291.9863892,

24.77083397,294.6123657,

24.77916718,290.3930054,

24.78750038,290.5986023,

24.79583359,286.8615112,

24.80416679,289.2807922,

24.8125,290.7457886,

24.82083321,285.5028992,

24.82916641,291.8589172,

24.83749962,291.1731567,

24.84583282,295.1216736,

24.85416603,287.772583,

24.86249924,277.9243469,

24.87083244,290.0337524,

24.87916756,284.1979065,

24.88750076,286.6085205,

24.89583397,291.7080078,

24.90416718,286.0907593,

24.91250038,289.3410339,

24.92083359,282.0206909,

24.92916679,297.8076782,

24.9375,288.5179443,

24.94583321,291.3302612,

24.95416641,283.8581848,

24.96249962,280.0773315,

24.97083282,292.0971069,

24.97916603,280.6452637,

24.98749924,287.4493713,

24.99583244,294.2819214,

25.00416756,286.1105347,

25.01250076,287.8674622,

25.02083397,281.0524292,

25.02916718,283.5782166,

25.03750038,293.8694153,

25.04583359,291.0001526,

25.05416679,289.4338684,

25.0625,286.8033142,

25.07083321,293.4221497,

25.07916641,292.5021973,

25.08749962,293.7493896,

25.09583282,288.703186,

25.10416603,292.18573,

25.11249924,293.1959839,

25.12083244,290.0710754,

25.12916756,286.8542786,

25.13750076,293.2808838,

25.14583397,290.4772034,

25.15416718,284.1052856,

25.16250038,295.5910645,

25.17083359,291.9271851,

25.17916679,287.718811,

25.1875,290.5193787,

25.19583321,286.499176,

25.20416641,279.2898254,

25.21249962,282.7070923,

25.22083282,284.940033,

25.22916603,290.6922913,

25.23749924,283.427948,

25.24583244,294.2123108,

25.25416756,290.2106628,

25.26250076,279.1384888,

25.27083397,288.7592163,

25.27916718,288.1087952,

25.28750038,285.3559875,

25.29583359,289.0330505,

25.30416679,290.3605347,

25.3125,291.4159241,

25.32083321,283.5075378,

25.32916641,280.3633118,

25.33749962,281.8352356,

25.34583282,289.0070496,

25.35416603,280.1469727,

25.36249924,287.272583,

25.37083244,288.4866638,

25.37916756,283.8013916,

25.38750076,288.5986633,

25.39583397,278.77005,

25.40416718,285.2355957,

25.41250038,281.8154602,

25.42083359,287.5812378,

25.42916679,289.4074097,

25.4375,285.5642395,

25.44583321,286.1260986,

25.45416641,285.5171814,

25.46249962,285.7668457,

25.47083282,294.6950989,

25.47916603,289.8030701,

25.48749924,285.3557739,

25.49583244,291.3424072,

25.50416756,286.7493896,

25.51250076,284.7460632,

25.52083397,290.28302,

25.52916718,283.5763245,

25.53750038,282.3908386,

25.54583359,288.0378418,

25.55416679,286.1081238,

25.5625,291.2099609,

25.57083321,296.1152039,

25.57916641,283.8687744,

25.58749962,290.0076599,

25.59583282,295.586853,

25.60416603,290.8879089,

25.61249924,289.2128296,

25.62083244,290.1323242,

25.62916756,284.4251404,

25.63750076,295.752594,

25.64583397,298.3417053,

25.65416718,298.3734131,

25.66250038,288.9169006,

25.67083359,284.3546753,

25.67916679,293.0119324,

25.6875,295.3217773,

25.69583321,286.9702148,

25.70416641,295.2989197,

25.71249962,284.0007324,

25.72083282,300.5402527,

25.72916603,288.0202332,

25.73749924,283.3798218,

25.74583244,289.5856934,

25.75416756,287.7859802,

25.76250076,288.5229187,

25.77083397,290.3285522,

25.77916718,287.7956543,

25.78750038,295.6047363,

25.79583359,284.5661926,

25.80416679,285.6585999,

25.8125,287.611084,

25.82083321,287.3125305,

25.82916641,292.620575,

25.83749962,286.4229431,

25.84583282,285.9157715,

25.85416603,285.4926147,

25.86249924,283.210968,

25.87083244,293.6955261,

25.87916756,292.0166321,

25.88750076,286.8930664,

25.89583397,288.2064209,

25.90416718,295.9488831,

25.91250038,293.4541626,

25.92083359,284.2366028,

25.92916679,291.8060608,

25.9375,287.1551514,

25.94583321,290.5766907,

25.95416641,296.742981,

25.96249962,296.8765869,

25.97083282,292.0186768,

25.97916603,287.3859253,

25.98749924,292.5224304,

25.99583244,293.1057739,

26.00416756,296.7131653,

26.01250076,284.5735168,

26.02083397,283.7420654,

26.02916718,280.5974121,

26.03750038,292.8908081,

26.04583359,293.5422668,

26.05416679,295.0576172,

26.0625,289.6679688,

26.07083321,291.4807739,

26.07916641,280.2483521,

26.08749962,283.0194397,

26.09583282,288.9341736,

26.10416603,293.4440613,

26.11249924,288.1330566,

26.12083244,289.293457,

26.12916756,291.3243408,

26.13750076,292.3243713,

26.14583397,292.5692139,

26.15416718,293.6464539,

26.16250038,282.7131653,

26.17083359,290.0115356,

26.17916679,281.9055786,

26.1875,281.9360962,

26.19583321,282.3980103,

26.20416641,287.2775574,

26.21249962,296.4101563,

26.22083282,283.4011536,

26.22916603,288.1620178,

26.23749924,291.5605774,

26.24583244,289.8641357,

26.25416756,286.0290833,

26.26250076,301.6842346,

26.27083397,288.9816589,

26.27916718,285.0690002,

26.28750038,292.8615417,

26.29583359,289.593689,

26.30416679,285.4562683,

26.3125,287.2601624,

26.32083321,289.7877808,

26.32916641,284.8793335,

26.33749962,291.6505127,

26.34583282,290.3401489,

26.35416603,292.315918,

26.36249924,290.5443115,

26.37083244,293.9523621,

26.37916756,287.1976624,

26.38750076,286.542511,

26.39583397,290.4403381,

26.40416718,289.6149292,

26.41250038,282.8876038,

26.42083359,281.3213806,

26.42916679,289.3643494,

26.4375,288.7586365,

26.44583321,281.4146729,

26.45416641,287.0496216,

26.46249962,291.3415527,

26.47083282,285.5430298,

26.47916603,288.289917,

26.48749924,287.3256836,

26.49583244,280.0652771,

26.50416756,282.3155823,

26.51250076,291.4518433,

26.52083397,289.177002,

26.52916718,288.7098999,

26.53750038,287.4560852,

26.54583359,301.7676697,

26.55416679,290.3057861,

26.5625,287.1069336,

26.57083321,288.1564331,

26.57916641,276.9696045,

26.58749962,293.0427856,

26.59583282,279.4579468,

26.60416603,290.0554199,

26.61249924,294.2961121,

26.62083244,288.4936523,

26.62916756,285.597168,

26.63750076,283.5665894,

26.64583397,292.7245789,

26.65416718,290.4933472,

26.66250038,286.8539429,

26.67083359,286.3769836,

26.67916679,285.2822571,

26.6875,295.4277954,

26.69583321,282.4254456,

26.70416641,278.8012695,

26.71249962,290.8770142,

26.72083282,282.5988159,

26.72916603,284.3598633,

26.73749924,288.0730591,

26.74583244,281.7614746,

26.75416756,279.4150085,

26.76250076,286.815033,

26.77083397,288.9855957,

26.77916718,286.36026,

26.78750038,288.2679138,

26.79583359,278.812439,

26.80416679,295.0357666,

26.8125,285.1878662,

26.82083321,285.4175415,

26.82916641,290.3256226,

26.83749962,291.7906189,

26.84583282,284.052124,

26.85416603,286.8874817,

26.86249924,289.3487549,

26.87083244,288.0558167,

26.87916756,283.2805786,

26.88750076,289.9704895,

26.89583397,288.2697754,

26.90416718,282.2817383,

26.91250038,290.9312439,

26.92083359,285.8345032,

26.92916679,282.6377563,

26.9375,285.0581055,

26.94583321,289.3617859,

26.95416641,289.5441895,

26.96249962,299.9989929,

26.97083282,292.8367004,

26.97916603,290.0418396,

26.98749924,283.6184998,

26.99583244,284.7410583,

27.00416756,284.0759583,

27.01250076,279.4606934,

27.02083397,291.3494263,

27.02916718,287.7926025,

27.03750038,294.8465271,

27.04583359,284.2767639,

27.05416679,297.556427,

27.0625,290.0032043,

27.07083321,291.2516785,

27.07916641,287.5036926,

27.08749962,283.149353,

27.09583282,276.4517517,

27.10416603,281.5984192,

27.11249924,286.6204529,

27.12083244,286.2082825,

27.12916756,284.3323364,

27.13750076,293.0293274,

27.14583397,286.1325989,

27.15416718,297.0352173,

27.16250038,285.8505859,

27.17083359,289.9657288,

27.17916679,293.2432556,

27.1875,286.7139893,

27.19583321,283.4875183,

27.20416641,288.4294128,

27.21249962,290.9664917,

27.22083282,289.7394714,

27.22916603,281.6745911,

27.23749924,280.9941406,

27.24583244,282.1402283,

27.25416756,288.8351135,

27.26250076,281.5276489,

27.27083397,289.4989929,

27.27916718,284.4588318,

27.28750038,290.846283,

27.29583359,283.9306641,

27.30416679,287.4196472,

27.3125,289.9224548,

27.32083321,287.2753296,

27.32916641,288.8555908,

27.33749962,281.9803162,

27.34583282,283.2659607,

27.35416603,283.5084839,

27.36249924,299.067749,

27.37083244,295.7379761,

27.37916756,285.5682068,

27.38750076,286.7748413,

27.39583397,283.2962952,

27.40416718,281.2354126,

27.41250038,288.8778687,

27.42083359,284.9555054,

27.42916679,293.9017029,

27.4375,287.5209656,

27.44583321,287.8972778,

27.45416641,288.007019,

27.46249962,286.0035706,

27.47083282,285.8153381,

27.47916603,289.8722534,

27.48749924,282.5846558,

27.49583244,295.0102234,

27.50416756,285.717865,

27.51250076,284.4294128,

27.52083397,282.6054077,

27.52916718,288.5220947,

27.53750038,279.0748596,

27.54583359,287.8397522,

27.55416679,288.4337158,

27.5625,284.9234619,

27.57083321,293.0021362,

27.57916641,285.8536987,

27.58749962,280.6131897,

27.59583282,286.1545105,

27.60416603,281.3910828,

27.61249924,287.2842102,

27.62083244,284.3730774,

27.62916756,279.7645569,

27.63750076,285.8402405,

27.64583397,283.039978,

27.65416718,285.7989197,

27.66250038,282.6801453,

27.67083359,284.1443176,

27.67916679,291.7243347,

27.6875,277.9169617,

27.69583321,284.9283752,

27.70416641,283.2632751,

27.71249962,289.4122009,

27.72083282,288.3652954,

27.72916603,277.9320984,

27.73749924,283.9216919,

27.74583244,282.9691162,

27.75416756,293.5839233,

27.76250076,290.0357056,

27.77083397,286.3213501,

27.77916718,285.8114319,

27.78750038,287.9216919,

27.79583359,289.7510071,

27.80416679,276.5273438,

27.8125,291.6704102,

27.82083321,289.3021851,

27.82916641,287.8624878,

27.83749962,287.7743225,

27.84583282,291.2066345,

27.85416603,284.9157104,

27.86249924,279.1412354,

27.87083244,280.7956543,

27.87916756,283.5359192,

27.88750076,290.2643433,

27.89583397,287.477417,

27.90416718,291.8691406,

27.91250038,282.7972412,

27.92083359,295.7373962,

27.92916679,281.1946716,

27.9375,283.0931091,

27.94583321,285.7156982,

27.95416641,293.4803772,

27.96249962,285.5959778,

27.97083282,286.5707092,

27.97916603,287.0345154,

27.98749924,277.7061768,

27.99583244,286.5183105,

28.00416756,286.833252,

28.01250076,282.1408997,

28.02083397,294.7673645,

28.02916718,287.7063293,

28.03750038,288.109436,

28.04583359,284.1289673,

28.05416679,286.0420227,

28.0625,282.7870483,

28.07083321,292.2202759,

28.07916641,289.1602478,

28.08749962,286.6911621,

28.09583282,291.7519531,

28.10416603,284.0595398,

28.11249924,282.315918,

28.12083244,289.7299194,

28.12916756,291.2436218,

28.13750076,279.5839844,

28.14583397,292.9751587,

28.15416718,277.2531433,

28.16250038,293.3545532,

28.17083359,286.7369385,

28.17916679,283.2302246,

28.1875,284.7011414,

28.19583321,286.6921387,

28.20416641,279.8201904,

28.21249962,279.4469604,

28.22083282,287.9431152,

28.22916603,286.3891907,

28.23749924,286.6174011,

28.24583244,283.572052,

28.25416756,288.9532471,

28.26250076,297.4789734,

28.27083397,294.4063416,

28.27916718,286.9770508,

28.28750038,283.2555847,

28.29583359,292.0107422,

28.30416679,288.4494019,

28.3125,283.2784119,

28.32083321,278.6658936,

28.32916641,280.6045837,

28.33749962,279.7676697,

28.34583282,281.9761963,

28.35416603,286.3766785,

28.36249924,282.9406128,

28.37083244,279.6331177,

28.37916756,293.1254883,

28.38750076,281.6941833,

28.39583397,285.8258362,

28.40416718,287.5878906,

28.41250038,272.9699402,

28.42083359,285.717865,

28.42916679,282.9638367,

28.4375,286.7018738,

28.44583321,289.5891418,

28.45416641,281.6462708,

28.46249962,280.1672668,

28.47083282,283.5910645,

28.47916603,279.7197876,

28.48749924,288.0656433,

28.49583244,281.5482483,

28.50416756,281.1610107,

28.51250076,282.295166,

28.52083397,289.736908,

28.52916718,288.5027771,

28.53750038,289.3237305,

28.54583359,272.5715637,

28.55416679,285.6516113,

28.5625,295.2842102,

28.57083321,287.8837891,

28.57916641,284.6368713,

28.58749962,286.5906677,

28.59583282,292.4253845,

28.60416603,284.7644043,

28.61249924,287.182373,

28.62083244,285.0640259,

28.62916756,288.2546997,

28.63750076,284.7882385,

28.64583397,280.8305664,

28.65416718,285.8597107,

28.66250038,285.4459839,

28.67083359,291.4538574,

28.67916679,280.5259399,

28.6875,285.230072,

28.69583321,286.6945496,

28.70416641,287.0691528,

28.71249962,283.242157,

28.72083282,289.1108398,

28.72916603,281.5092163,

28.73749924,287.5691528,

28.74583244,289.0686035,

28.75416756,286.0673218,

28.76250076,279.9286499,

28.77083397,285.64505,

28.77916718,281.6787109,

28.78750038,275.7355347,

28.79583359,282.8730469,

28.80416679,289.6499329,

28.8125,280.059967,

28.82083321,285.2054138,

28.82916641,290.0601196,

28.83749962,289.6112976,

28.84583282,283.6137085,

28.85416603,282.7860107,

28.86249924,285.5546875,

28.87083244,275.5675354,

28.87916756,284.3443604,

28.88750076,284.9148254,

28.89583397,292.7573547,

28.90416718,293.5324097,

28.91250038,288.7818909,

28.92083359,286.6246338,

28.92916679,279.441864,

28.9375,280.7087402,

28.94583321,289.4026489,

28.95416641,287.5686646,

28.96249962,280.4180298,

28.97083282,287.3597107,

28.97916603,281.6062012,

28.98749924,291.1217041,

28.99583244,283.7983704,

29.00416756,291.1735535,

29.01250076,279.2494507,

29.02083397,288.7394409,

29.02916718,286.9710083,

29.03750038,282.2234497,

29.04583359,287.1269226,

29.05416679,277.4595032,

29.0625,286.7615356,

29.07083321,291.3517456,

29.07916641,285.5951843,

29.08749962,285.1199341,

29.09583282,280.7923889,

29.10416603,282.1414795,

29.11249924,290.4004517,

29.12083244,286.5072327,

29.12916756,280.7914124,

29.13750076,278.3600159,

29.14583397,286.1507568,

29.15416718,283.8891296,

29.16250038,283.5502319,

29.17083359,291.9633484,

29.17916679,278.5198059,

29.1875,281.3592529,

29.19583321,292.0609131,

29.20416641,283.1704407,

29.21249962,278.5210571,

29.22083282,284.2073669,

29.22916603,292.6142273,

29.23749924,286.7237854,

29.24583244,279.4787598,

29.25416756,289.2760925,

29.26250076,281.1036072,

29.27083397,290.2500916,

29.27916718,285.730072,

29.28750038,289.0533447,

29.29583359,276.5456238,

29.30416679,287.7165833,

29.3125,279.7302856,

29.32083321,291.5402527,

29.32916641,281.4863281,

29.33749962,281.9486694,

29.34583282,292.2679138,

29.35416603,272.7150269,

29.36249924,283.6312256,

29.37083244,280.6086426,

29.37916756,281.7068481,

29.38750076,279.6139832,

29.39583397,288.4303284,

29.40416718,278.7637329,

29.41250038,283.9960327,

29.42083359,276.7849426,

29.42916679,287.0498962,

29.4375,279.6470032,

29.44583321,281.0611267,

29.45416641,282.9062195,

29.46249962,280.9716492,

29.47083282,283.3842773,

29.47916603,276.6391602,

29.48749924,280.1053467,

29.49583244,288.5488586,

29.50416756,281.0606384,

29.51250076,279.3350525,

29.52083397,288.0700989,

29.52916718,284.1184998,

29.53750038,286.365387,

29.54583359,285.7049866,

29.55416679,274.2433777,

29.5625,282.3120117,

29.57083321,289.1257019,

29.57916641,292.895813,

29.58749962,287.783905,

29.59583282,291.8498535,

29.60416603,277.215271,

29.61249924,289.3606262,

29.62083244,283.4721069,

29.62916756,282.8635559,

29.63750076,276.0753784,

29.64583397,283.8013611,

29.65416718,279.7191467,

29.66250038,287.4694519,

29.67083359,287.3625793,

29.67916679,285.5538025,

29.6875,276.1481323,

29.69583321,280.8606567,

29.70416641,291.5348511,

29.71249962,282.4619446,

29.72083282,283.6867065,

29.72916603,284.3901672,

29.73749924,281.4674988,

29.74583244,283.5878296,

29.75416756,279.387085,

29.76250076,285.6334534,

29.77083397,281.8328247,

29.77916718,281.9609985,

29.78750038,281.4925232,

29.79583359,281.9718933,

29.80416679,283.7033997,

29.8125,275.237854,

29.82083321,291.7041626,

29.82916641,288.6137085,

29.83749962,289.8616028,

29.84583282,283.2267456,

29.85416603,281.2244873,

29.86249924,282.4248962,

29.87083244,284.8348999,

29.87916756,283.6738892,

29.88750076,288.25,

29.89583397,282.175415,

29.90416718,286.0609436,

29.91250038,292.8372498,

29.92083359,277.0318909,

29.92916679,286.6726379,

29.9375,279.0108032,

29.94583321,288.5675049,

29.95416641,287.0828247,

29.96249962,279.0554199,

29.97083282,286.3813171,

29.97916603,282.9719849,

29.98749924,288.3141479,

29.99583244,285.7752686,

30.00416756,282.458252,



